33,32,5.9,2.3,0.9,2.2,40.6,0.3,1,35.5,0.3,0.3,72.7,0.2,0.3,0.5,0.6,0.3,0.2,0,0.9,4.1,0,0,-2.3,96.8,115.4,-18.7,16.1,1.82,19,3.6,5.7,4.6,10.5,48.6,50.8,18.9,101.87,4.4,0,1
22,58,32.9,17.6,6.5,14.9,43.4,2,5.9,33.6,2.7,3.9,69.8,1.5,6.4,7.9,2.3,1.8,1,0.8,1.9,34.1,17,0,-1.6,105.7,107.6,-1.8,11.1,1.27,11.3,4.4,19.1,11.6,8.9,50,53,23.7,101.06,11.3,0,1
24,48,10.9,3,1,3.1,33.6,0.5,1.4,35.4,0.5,0.8,59,0.3,1.2,1.5,0.5,0.7,0.3,0.2,0.9,6.5,0,0,-2.3,96.1,106.3,-10.2,7.8,0.76,11.5,2.4,11.1,6.7,15,41.3,43.9,16.1,101.47,3.3,0,1
32,72,31.6,12.9,5.1,10.5,48.9,1.3,3.1,42.9,1.3,1.7,78.3,1.4,5.9,7.4,4.7,1.8,0.6,1.1,1.9,32,15,0,4.8,108.3,100.8,7.5,22.5,2.57,26.6,4.7,17.8,11.5,10.3,55.3,57.5,18.2,97.9,13.4,1,2
33,36,13.4,7,3.1,5.8,53.4,0,0.1,0,0.8,1,83.3,0.8,3.1,4,0.8,0.6,0.4,0.6,1.8,15.7,1,0,-0.3,104.6,106.1,-1.5,9.8,1.43,11.1,6.1,22.7,14.4,7.7,53.4,56.3,21.6,98.97,13.5,0,1
27,69,30,9.3,3.3,8.4,39.5,1.8,4.9,36.9,0.9,1.2,73.8,1.4,6.2,7.6,1.2,1.1,1.1,0.6,2,24.3,9,0,3.2,108.9,103.8,5,5.6,1.06,10.8,4.5,19.8,12.1,10.1,50.3,52.2,14.3,99.12,9,0,1
26,64,16.5,7.7,2.7,6.5,41.1,0.7,2.2,33.1,1.7,1.9,86.3,0.3,2.7,3,1,0.9,0.6,0.1,1.2,14.1,0,0,-0.2,103.2,104.3,-1.1,10.4,1.12,11.3,1.9,16.8,9.4,10.1,46.7,52.7,21.8,99.05,10.1,0,1
23,20,11.2,4.1,1.4,3.7,37.8,0.9,2.9,31,0.4,0.5,80,0.4,1.5,1.9,0.6,0.2,0.1,0.1,0.7,7.6,0,0,1.8,108.7,100.6,8.1,7.3,3,12.9,3.2,12,7.6,4.3,50,52.3,15.1,103.32,7.1,0,1
24,75,15.1,4.7,1.5,3.9,39.5,1.1,2.9,38,0.5,0.6,84.8,0.3,1.2,1.5,0.4,0.3,0.5,0.1,1.7,8.6,0,0,0.6,106.3,105,1.3,3.6,1.12,7.7,2.1,7.9,4.9,6.9,54,56.7,12.4,99.18,4.8,0,1
24,37,15.2,3.6,1.4,3.1,43.1,0.4,1.2,30.2,0.6,0.8,70,0.4,1.4,1.8,2,1.1,0.6,0.3,1.4,10.3,0,0,-0.1,99.3,99.4,-0.2,18.5,1.79,30.4,2.6,8.6,5.6,17,48.7,51.9,12.6,104,6.2,0,1
25,69,20.2,8.5,3.1,5.5,56.6,0,0,33.3,2.3,3.3,68.4,2.5,5,7.5,1.2,1.1,0.4,0.9,2.3,22,12,0,-3.7,100.9,109.2,-8.2,9.3,1.05,12.8,11.6,22.8,17.2,12.2,56.7,61.2,16.3,104.15,12.9,0,1
24,25,4.2,1,0.4,1,42.3,0.2,0.4,36.4,0,0,0,0.3,0.4,0.7,0.1,0.1,0.1,0,0.6,2.4,0,0,-0.8,101.4,114.7,-13.3,2.6,1,6.7,6.1,10.2,8,6.7,50,50,11.1,98.88,3.2,0,1
25,14,3.8,1.5,0.6,1.1,53.3,0.2,0.6,33.3,0.1,0.2,66.7,0.1,0.4,0.5,0.1,0.2,0.1,0.1,0.6,2.4,0,0,-1,100.9,113,-12.2,2.7,0.33,5,2.2,9.8,6.6,15,63.3,64.3,15.7,103.3,5.2,0,1
26,75,29.3,13.2,4.5,11,40.7,2.7,7.1,37.8,1.5,1.8,85.2,0.4,3.9,4.3,1.6,1,0.6,0.5,2.2,23,0,0,-1,106.2,107.9,-1.7,8.2,1.5,11,1.2,13,7,7.3,52.9,55.8,18.2,101.75,8.4,0,1
31,74,15.8,4.6,1.9,3.5,53.8,0.1,0.4,31.3,0.7,1.1,61.2,1.7,2.8,4.5,1.6,0.7,0.6,0.6,2.6,15.2,1,0,0.1,100.5,99.2,1.4,13.7,2.15,25,10.2,16.9,13.6,11.7,55.8,57.5,12.2,105.61,8.8,0,1
24,78,33.7,15,6,11.3,52.9,0,0.1,0,3.1,5.1,60.5,5.1,10.9,16,3,2.6,1.5,1.6,3.2,45.5,62,0,-0.7,106.5,107.2,-0.7,14,1.19,15.8,14.5,32.9,23.4,13.4,52.9,55.5,20.6,98.35,15.6,1,2
34,64,25.4,6,2.3,5,46.3,0.5,1.8,28.2,0.9,1.4,63.2,0.8,3.1,3.8,3.3,1,0.8,0.6,1.5,18.8,0,0,4.3,108.3,100.4,7.9,16.9,3.13,33.1,3.3,10.9,7.4,10.6,51.4,53.6,11.1,101.99,8.1,0,1
26,39,26.6,5,2.2,4.2,53.7,0.2,0.9,22.2,0.3,1,31.6,1.9,2.8,4.7,1.2,0.8,1.2,0.9,2.3,17.8,0,0,4.8,104.8,96.6,8.2,5.9,1.53,18,6.8,10.9,8.8,11.7,56.2,54.3,8.4,98.09,6.5,0,1
33,24,9,1.5,0.7,1,68,0,0,0,0.1,0.1,100,1.1,2.2,3.3,0.6,0.8,0.2,0.5,1.7,7.7,0,0,-1.2,93.9,98.3,-4.4,9.9,0.79,25,10.4,22.3,16.2,31.7,68,69.6,8.4,103.26,8.1,0,1
23,56,23.7,9.5,3.2,7.7,42.2,0.8,2.5,33.1,2.2,2.8,78,0.4,1.9,2.3,3.2,1.4,0.7,0.5,2.5,19,0,0,-3.6,100.1,107.4,-7.3,22.2,2.19,23.4,1.7,8.5,5.1,10.7,47.7,53.4,19.3,95.82,8.3,0,1
25,15,13.9,4.6,1.7,4.9,34.2,1.2,3.3,36.7,0.1,0.3,25,0.3,2,2.3,0.4,0.5,0.2,0.1,0.8,8.2,0,0,-5.1,90.7,109.3,-18.7,5,0.75,6.8,1.6,13.3,7.2,9.1,46.6,46.1,15.8,104.56,4.9,0,1
23,82,36.3,17.7,6.9,15.9,43.8,1.4,4.1,33.1,2.5,3.8,64.3,1,3.4,4.4,2,1.7,1.1,0.6,2,29.4,1,0,2.5,112,108.5,3.5,8,1.16,9.2,2.8,9.4,6.1,7.9,48.1,50.5,22.7,97.96,7.6,0,1
21,32,6.7,3.7,1.5,2.1,73.1,0,0,0,0.7,0.9,72.4,0.8,1.1,1.9,0.2,0.3,0.1,0.4,0.9,7.3,0,0,-1.2,104.4,113.6,-9.2,3.9,0.45,5.3,11.2,17.9,14.5,11.7,73.1,74.6,17,102.5,13.2,0,1
25,75,36.4,28.1,10.4,19.5,53.4,0.7,2.2,34,6.6,8,82.8,2.5,8.6,11.1,2.3,2.2,1.5,2.6,2.1,55.1,50,1,3.9,108.9,103.6,5.3,10.4,1.07,8.5,7,21.3,14.6,7.9,55.2,61.2,29,103.26,18.8,1,2
33,79,22.2,8.9,2.8,6,46.4,2,4.6,43.6,1.3,1.7,79.7,0.6,2.4,3.1,1.1,0.7,0.4,0.3,1.8,15.5,1,0,0.3,105.2,104.2,1,7.6,1.55,13.4,2.7,10.9,6.7,8.6,63.2,66.3,14.3,98.7,8.6,0,1
21,19,16.5,7.9,2.8,7.5,37.1,0.8,2.7,28.8,1.6,2.1,76.9,0.2,1.5,1.7,1.1,0.6,0.4,0.1,1,12.3,0,0,-0.3,106.8,108.6,-1.7,9.6,1.82,10.6,1.1,8.9,4.9,5.8,42.3,47.1,22.4,100.24,6.4,0,1
24,17,7.2,1.4,0.5,1.2,38.1,0.2,0.2,75,0.2,0.4,66.7,0.2,0.6,0.8,0.1,0.4,0.4,0.3,1.4,4.2,0,0,-2.6,84.6,101.1,-16.5,2.5,0.29,6.1,2.2,8.5,5.2,21.2,45.2,48.6,10.4,104.4,0.5,0,1
31,81,18.3,6,2.6,5.5,47.1,0,0.3,14.3,0.7,1,75.6,1.6,3.8,5.4,1.1,1,0.3,0.6,2.5,15.8,4,0,2.3,102.6,96.6,6,9.5,1.16,14.2,8.6,19.6,14.1,12.3,47.4,50.2,16.3,98.02,8.7,0,1
32,53,12.9,3.4,1.2,3.1,40.1,0.5,1.3,38.6,0.4,0.5,84.6,0.1,1.2,1.2,0.6,0.4,0.1,0.2,1.1,6.1,0,0,-1.8,99.2,106.3,-7.1,6.6,1.43,13.3,0.6,8.2,4.6,9.3,48.5,51.6,12.5,99.26,4.2,0,1
25,61,33.7,15.1,5.6,13.2,42.4,2.2,5.9,37.8,1.7,2.6,64.2,0.4,1.9,2.4,4,1.8,1.2,0.3,2.5,26.5,0,0,-1,109.4,110.9,-1.5,17.9,2.22,19.8,1.3,5.8,3.5,8.9,50.8,52.6,20.4,98.33,7.3,0,1
27,46,31.2,14.3,5.6,13.6,41.4,1.6,4.4,36.9,1.4,1.8,76.8,0.5,2,2.5,2,2.2,1.1,0.2,2,22,0,0,-2.7,103.5,107.6,-4.1,10.5,0.93,11,1.4,6.8,4,11.8,47.4,49.6,22.8,98.31,6,0,1
20,69,19.8,6.9,2.5,4.9,51.2,0,0.1,0,1.9,2.6,72.1,1.7,3.8,5.5,1.5,1,0.5,0.6,2,18,7,0,-0.4,100.5,101.7,-1.2,11.5,1.53,17.2,8.6,19.4,14,11.3,51.2,57,15.5,97.43,11.1,0,1
25,56,19.5,7.5,2.8,6.7,42.1,1,2.8,34.6,0.9,1.1,82.8,0.6,1.9,2.5,0.9,1.1,0.7,0.3,2.5,13.6,0,0,-5.7,97,110.7,-13.8,7.8,0.84,10,3,10.1,6.4,11.9,49.5,52.6,18,98.76,5.6,0,1
21,81,33.7,15.8,6.7,12.3,54.5,0,0.1,0,2.4,4.2,56,1.8,6.3,8.1,8.2,3.4,1.7,0.9,2.6,42.1,38,12,4.8,108.9,102.2,6.6,36.2,2.38,31.6,5.3,17.1,11.5,13.3,54.5,55.7,21.7,102.42,15.4,0,1
25,82,18.2,5.7,2.2,4.3,52,0,0,0,1.2,1.9,65,1.8,4,5.7,0.8,1,0.3,1.2,1.9,17,7,0,-5.2,96.4,110.5,-14.1,7,0.79,11.5,9.1,20.9,14.9,14.7,52,55.6,14.4,99.12,9.8,0,1
29,58,34,21.4,7.5,17.2,43.8,1.9,5.6,34.5,4.5,5.7,78.5,1.3,6.1,7.4,5.8,2.8,0.7,0.3,2.4,39.1,16,3,1,108.1,106.4,1.7,28.6,2.02,20.4,3.6,17.5,10.6,10.1,49.3,54.4,28.3,99.18,14.4,0,1
29,39,8.7,6,2,3.8,53.4,0,0,0,2,2.5,79.4,1.2,2.5,3.7,0.6,0.9,0.3,0.3,1.3,12,1,0,1.4,109,101.6,7.4,10,0.61,8.8,15.1,27.4,21.5,14.4,53.4,61.6,27.5,103.64,16.6,0,1
33,20,5.7,2.5,1,2.9,32.8,0.6,2,27.5,0.1,0.1,50,0,0.4,0.4,0.6,0.5,0.2,0,0.3,3.9,0,0,-3,90.7,113.7,-23,19,1.22,13.9,0,6.1,2.9,11.4,42.2,42.5,25.1,103.57,3.9,0,1
23,73,22.5,13.2,5.2,11.1,47.1,1.1,3.1,35.9,1.6,2.1,76.9,2.2,4.6,6.8,1.7,1.4,0.7,0.3,1.8,25.5,12,0,-1.1,106.1,108.9,-2.8,12.6,1.19,11.2,8.9,20.7,14.5,9.4,52,54.8,24.7,101.2,13.3,0,1
25,78,27.9,11.8,4.4,9.9,44.6,1.7,4.2,39.2,1.3,1.5,84,0.4,2.5,2.9,3.3,1.6,0.9,0.2,2.2,21.9,0,0,-4.6,102.2,110.6,-8.4,18.3,2.06,21.5,1.4,9.4,5.3,10.4,52.9,55.6,19.1,97.27,8.7,0,1
29,80,30.8,14.3,5.1,10.7,47.4,1.9,4.8,40.2,2.2,2.6,86.8,0.4,3,3.4,1.5,1.3,0.7,0.1,1.6,21.6,0,0,1.1,105.6,104.1,1.5,7.1,1.12,10.3,1.2,9.7,5.5,9.1,56.5,60.5,18.4,99.05,9.1,0,1
25,82,36.3,22.6,8.3,18.1,46,2.4,6.5,37.5,3.6,4.5,79.1,0.7,3.7,4.4,4.5,2.6,1.2,0.4,2,37,4,0,2.2,108.4,105.7,2.7,20.6,1.74,16.9,2.1,10.1,6.2,9.7,52.7,56.4,26.7,98.25,12.5,1,2
30,28,13.6,5,2.1,3.6,57.8,0,0,0,0.8,1.2,63.6,1.2,2.2,3.4,0.5,0.3,0.5,0.9,1.1,13.6,0,0,1.5,101.1,96.8,4.3,5.6,1.63,9.5,8.6,16.1,12.4,5.8,57.8,59.6,13.7,99.31,14,0,1
20,59,33.5,16.1,6.1,12.9,47,0.7,1.8,39,3.3,4.8,68.1,1,4.4,5.3,3.9,2.5,0.8,0.7,2.8,30.3,6,0,-2.2,104.3,106.9,-2.6,17.7,1.54,18.2,2.7,12.1,7.4,11.8,49.7,53.6,21.7,101.99,9.6,0,1
28,14,14.7,5.2,1.9,5.1,37.5,0.6,2.4,27.3,0.7,0.7,100,0.4,1.9,2.2,3.1,1.3,0.4,0.3,0.8,13.4,1,0,-4.5,96.1,109,-12.9,33.1,2.44,32.1,2.2,13.1,7.3,13.1,43.8,47.8,18.9,103.19,9.7,0,1
27,64,9,2.3,0.9,2,43.3,0.2,0.8,27.8,0.3,0.7,51.2,0.1,1,1.1,0.6,0.5,0.4,0.1,0.9,5.5,0,0,-0.1,97.3,97.6,-0.3,9.6,1.28,17.5,1.1,10.9,6,13.7,49.2,50.4,12.9,101.82,5.1,0,1
25,18,13.1,2.8,1.1,2.4,44.2,0.2,0.6,36.4,0.4,0.6,80,0.4,1.5,1.9,1.2,0.8,1,0.3,1.6,9.9,0,0,-5.9,98.2,119.8,-21.6,13.9,1.47,25.9,3,13,7.4,17.6,48.8,52.7,10.9,102.8,5.8,0,1
24,18,5.4,2.4,1.1,2.3,47.6,0,0.1,0,0.2,0.3,60,0.5,1.2,1.7,0.1,0.3,0.5,0.3,0.7,6.8,0,0,-0.4,97.7,100,-2.3,3,0.4,3.9,8,22.7,14.8,9.8,47.6,48.6,19.1,107.55,10.6,0,1
30,74,23.4,13,5,10.7,46.5,1.5,4.4,34.5,1.5,2.1,70.3,1,3,4,1.7,1.3,0.4,1.3,2.6,24.2,4,0,-1.1,105.5,107.7,-2.2,11.3,1.29,11.7,4.1,12,8.1,9.1,53.6,55.7,22.8,102.82,9.2,0,1
22,12,8.9,2.2,0.8,2.6,29,0.3,1.4,17.6,0.4,0.5,83.3,0.6,1.3,1.8,0.3,0.3,0.3,0.3,0.7,6.3,0,0,0.9,99.1,96.2,2.9,5.6,1,9.8,6.2,14.6,10.2,9.8,33.9,38.6,15.2,95.96,5.2,0,1
24,80,19,6.9,2.6,6.2,42.1,1.1,2.9,39,0.6,0.9,66.7,0.2,1.2,1.4,1,0.5,0.4,0,1.4,10.8,0,0,1.5,105.1,101.9,3.1,7.7,2.16,12.5,0.8,6.5,3.6,5.8,51,52.5,15.7,98.97,5.5,0,1
24,80,25.3,13.5,5.2,11.7,44.6,2.2,5.1,43.1,0.9,1,87.7,0.7,3.2,3.8,1.9,1.6,1.1,0.3,1.9,23.5,0,0,-1.9,102.4,106.8,-4.3,12.7,1.25,12.5,2.7,12.9,7.6,10,54,55.7,23.4,96.77,10.9,0,1
28,38,18.6,5.5,2.3,5.2,44.2,0.6,2.1,28.2,0.3,0.4,81.3,0.3,1.2,1.5,1.1,0.5,0.8,0.3,1.7,11.9,0,0,-0.9,104,105.5,-1.5,8.6,2.15,16,1.7,5.8,3.8,7.5,49.7,51.2,13.2,101.57,5.3,0,1
21,27,7,2.3,0.9,2.2,40,0,0.3,12.5,0.4,0.7,66.7,0.6,1.4,2,0.5,0.7,0.2,0.1,1.4,5.7,0,0,-0.4,93.5,97.5,-4,12.4,0.78,14.1,7.5,20.7,13.9,18.2,40.8,44.9,18.4,101.02,5.4,0,1
23,25,23.3,8.8,3.5,8.6,40.5,1.4,3.6,38.5,0.5,0.6,75,0.7,2,2.8,4.5,1.4,1,0.4,1.8,21.7,1,0,-3.6,102.1,109.9,-7.8,29.4,3.14,30.5,2.7,8.9,5.6,9.7,48.6,49.8,18.2,101.28,8.8,0,1
23,71,26.2,12.1,4.5,10.4,43.5,1.2,3.5,34.7,1.9,2.6,71.1,0.7,2.9,3.7,4.2,2.2,1.2,0.3,2.2,25,3,0,-3.7,100.7,107.3,-6.6,26.5,1.95,23.7,2.6,10.4,6.5,12.1,49.3,52.5,21.4,103.29,9.9,0,1
34,78,32.1,16.2,6.1,15,40.4,2.2,6.1,35.7,1.9,2.5,76.7,0.9,4.9,5.8,1.3,1.3,0.6,0.6,2.5,27.5,6,0,3.5,110.8,105.6,5.2,6.1,1.04,7.1,2.5,15.8,8.8,6.8,47.6,50.3,22.1,99.84,8.6,0,1
23,61,11,3.9,1.5,3,48.4,0.5,1.4,36.8,0.4,0.8,56.5,0.3,1.7,2,0.7,0.5,0.4,0,1.3,8,0,0,0.6,109.6,107,2.7,8.4,1.28,14.7,2.8,14.9,8.9,11.5,57,57.7,14.9,101.53,6.7,0,1
29,36,19.2,7.9,3,6.5,46.2,1.4,3.4,42.1,0.5,0.8,63,0.4,2.1,2.5,1.9,1,0.5,0.3,1.5,15.2,0,0,-2.4,104.8,110.1,-5.3,15.8,1.97,19.8,2.1,11.7,6.8,10,57.1,57.8,17.9,98.76,9.2,0,1
35,53,13.1,5,2,4,49.1,0.7,2.2,33.9,0.3,0.4,89.5,0.2,2.3,2.5,0.7,0.4,0.3,0.2,1.3,10.5,0,0,2.2,110.9,102.6,8.3,7.7,1.81,13.7,1.9,16.4,9.7,7.6,58.3,59.9,14.9,101.44,9.2,0,1
23,13,2.9,0.5,0.2,1.1,14.3,0.1,0.6,12.5,0.1,0.2,50,0,0.2,0.2,0.1,0.1,0.1,0,0,0.9,0,0,-0.7,83.3,97.5,-14.2,3.8,1,5.9,0,4.9,2.2,5.9,17.9,20.2,16.2,103.92,-3.4,0,1
21,52,11.2,4.9,2,3.4,58,0,0,0,1,1.3,75.8,0.9,3.2,4.1,0.4,0.5,0.2,0.4,1.6,11.6,3,0,-2,101.2,108.7,-7.6,4.8,0.68,7.6,7.9,26.2,17.3,11.2,58,61.9,16.5,104.44,11.8,0,1
23,19,4.7,2.4,0.9,2.2,42.9,0.1,0.4,12.5,0.5,0.7,64.3,0.4,0.9,1.3,0.2,0.1,0,0.3,0.4,5,0,0,-0.8,98.1,110.7,-12.6,8.2,2,7.3,7,18.8,12.8,3.6,44,47.8,21.7,107.75,10.3,0,1
33,58,31.8,18.6,6.3,13.8,46,2.5,6.5,38,3.5,3.8,91.9,0.6,4.8,5.4,7.9,2.2,1.7,0.2,2.4,40.4,14,1,8.6,115.4,102.2,13.2,38.9,3.57,31,2,15.1,8.6,8.7,55,60.4,23.9,99.65,16.6,0,1
26,81,36.1,21.4,8.2,18.6,44.3,2.3,5.9,39.7,2.6,3.1,83.6,0.7,3.3,4,3.4,1.9,1,0.4,2.1,33.5,1,0,1.5,106.6,105.1,1.5,15.6,1.8,13.4,1.7,8.9,5.3,7.4,50.6,53.6,25.7,98.84,10.9,0,1
31,70,19.1,10,3.2,8.6,37.9,2.3,6.5,36.1,1.2,1.4,83.5,0.3,1.9,2.2,0.8,0.6,0.5,0.3,1.9,15.7,0,0,3.9,109,100.1,8.8,6.1,1.41,7.6,1.3,9.7,5.5,5.4,51.6,54.5,21.2,101.17,7.7,0,1
24,74,27.5,13.9,6,9.1,65.2,0,0,0,1.9,3.5,56,3.3,7.6,10.8,0.9,1.4,0.8,1.9,2.5,34.8,42,0,5.1,113.1,103.8,9.3,5.5,0.66,7.1,11.9,27.8,19.8,10.8,65.2,65,18.8,99.03,15.5,0,1
25,33,19,7.1,2.6,4.7,54.5,0.1,0.1,66.7,1.8,2.6,71.8,2,3.3,5.4,0.9,1,0.4,0.6,2.5,17.1,1,0,0.7,105.7,103.6,2.1,7.5,0.94,12.1,9.7,18.4,13.8,12.9,55.1,60.2,15.1,100.91,9.6,0,1
29,21,2.3,0.6,0.2,0.7,33.3,0,0,0,0.1,0.3,33.3,0.1,0.6,0.7,0.1,0,0.1,0,0.5,2,0,0,-0.1,100,102.7,-2.7,8.1,3,13.6,5.7,28.6,15.8,4.5,33.3,34,15,108.92,2.8,0,1
32,72,16.8,5.3,2,4.4,44.9,0.4,1.5,28.2,0.9,1.3,72.2,0.6,1.5,2.1,0.9,0.7,1.1,0.2,1.9,12.4,0,0,-0.8,104.5,107.1,-2.6,7.3,1.33,13.8,3.3,8.9,6,10.4,49.8,53.4,13.4,104.84,5.9,0,1
26,82,27,7.9,3.1,7.4,42.4,0.8,2.3,35.3,0.9,1.1,74.5,0.5,2.7,3.2,3.2,1.1,1,0.2,1.7,19,1,0,-0.6,104.6,106,-1.4,16.4,2.99,26.2,1.7,10.1,5.9,8.8,47.9,50.3,14.2,98.49,7.8,0,1
32,76,30.4,12,4.5,9.9,45.4,1.5,3.7,40.6,1.5,1.6,91.9,0.4,2.6,2.9,2.4,1.1,1.1,0.2,1.4,21.8,1,0,-3.4,104.7,110.4,-5.7,11.3,2.14,16.9,1.3,8.2,4.8,7.9,52.9,56.4,16.4,98.45,8.5,0,1
25,55,17.8,5.6,2.3,3.9,59.1,0,0,0,1,1.5,66.7,1.5,2.7,4.2,1,1,0.3,0.2,1.9,12.7,3,0,-6.1,93.5,110.6,-17,9.3,1.02,15.3,7.6,15.8,11.4,15,59.1,61.4,13.1,99.86,8.2,0,1
30,75,23.5,10.2,3.3,7.2,45.2,1.5,3.6,41.9,2.2,2.5,86.8,0.4,1.7,2.1,3.8,1.6,0.7,0,1.3,19,2,0,-1.7,101.6,105.5,-3.9,25.1,2.33,27.9,1.6,7.2,4.4,11.9,55.7,61.5,18,100.4,10.7,0,1
22,22,3.2,1,0.4,0.7,56.3,0.1,0.2,40,0,0.1,50,0.1,0.4,0.5,0.1,0.2,0.1,0,0.3,2.1,0,0,-1.9,82.2,110.7,-28.4,7.5,0.75,12.5,2.9,15.7,8.3,16.7,62.5,62.2,12.7,101.94,6.5,0,1
22,48,25.7,15.5,5.8,14,41.4,1.9,5.8,32.4,2,2.7,74,0.6,3.3,3.9,5.2,3.1,0.8,0.4,1.9,28.2,5,1,-3.8,104,110.9,-6.9,34.8,1.69,22.2,2.3,12.2,7.2,13.1,48.1,50.9,29.2,104.31,10.9,0,1
22,31,5.2,1.8,0.7,1.3,56.4,0,0,0,0.4,0.6,55,0.5,0.6,1.1,0.3,0.1,0.2,0.3,0.9,4.7,0,0,1.1,96.7,87,9.6,8.3,2.67,13.3,9.9,11.1,10.5,5,56.4,57.5,13.7,98.9,8.9,0,1
23,15,5.9,1.7,0.7,1.5,50,0,0,0,0.2,0.3,60,0.3,0.6,0.9,0.1,0.3,0.1,0.2,0.9,3.5,0,0,0,97.3,96.8,0.5,3.7,0.5,6.7,6,9.3,7.8,13.3,50,51.7,14.1,100.37,3.3,0,1
27,73,36.6,26.9,8.5,19.4,43.9,3.1,8.6,36.1,6.8,7.4,91.6,0.8,3.6,4.5,6.6,2.8,1.1,0.4,1.6,43.6,11,0,4.7,110.1,104,6.2,30.1,2.33,20.8,2.2,9.4,5.8,8.9,51.9,59.4,29.3,99.12,16.5,1,2
38,19,8,1.7,0.7,2.1,33.3,0.2,0.9,22.2,0.2,0.2,75,0.3,0.6,0.8,0.5,0.3,0.1,0.1,0.4,3.7,0,0,1.4,108.8,103.6,5.2,7.5,1.8,16.4,3.1,7.2,5.1,9.1,38.5,40.5,12.3,98.58,3.4,0,1
25,15,27,10.7,4.1,10.1,40.8,1,4,25,1.5,1.9,75.9,0.7,4,4.7,1.9,0.9,1.3,0.1,1.7,22.4,0,0,-1.6,100.1,103.7,-3.6,10.9,2.07,14.1,2.4,13.8,8,6.8,45.7,48.9,18.1,102.85,8.6,0,1
24,44,10.8,4.1,1.6,3.7,44.7,0.5,1.5,32.4,0.4,0.5,69.6,0.2,1.7,1.9,0.7,0.4,0.3,0,0.8,8.1,2,0,-0.9,98.3,100.5,-2.2,9.8,1.82,14.3,1.8,14.2,8.2,7.8,51.6,53.2,16.8,100.34,9.2,0,1
26,63,14.9,5.3,2,3.7,54.1,0.3,0.9,31,1,1.3,75.3,1.4,2.9,4.3,0.9,0.9,0.5,0.8,2.5,14.6,2,0,0,101.4,101,0.4,9.9,1,14.7,9.2,18.9,14.1,14.7,57.9,61.6,14.8,99.3,10.5,0,1
29,21,32,15.3,4.9,12.2,39.8,1.7,5.3,32.4,3.9,4.1,93.1,0.4,4.4,4.8,2,1.2,0.6,0.5,1.4,26,0,0,0.5,104.1,103.1,0.9,9.7,1.58,11.3,1.3,13.3,7.3,7.2,46.9,54.5,20.4,98.71,10.3,0,1
31,70,25.6,8.6,3.1,8,38.7,1.7,4.6,36.3,0.7,0.9,76.9,0.6,3,3.6,1.6,1.1,0.9,1.1,1.7,20.3,0,0,1.3,103.8,101.7,2.1,8.9,1.49,14.2,2.2,11.5,6.8,9.6,49,50.9,16.1,96.87,7.3,0,1
31,73,21.4,5.7,2.2,5,45.1,0.8,2.3,34.5,0.4,0.7,59.6,1.1,3,4.1,0.7,0.5,0.5,0.4,1.5,14,1,0,-1.1,104.8,106.5,-1.7,4.2,1.45,10.3,4.9,13.3,9.2,7.1,53,53.9,11.3,103.2,6.5,0,1
22,14,16.8,8.1,3,6.2,48.3,0.4,1.3,27.8,1.8,2.2,80.6,0.3,1.6,1.9,3.1,1.4,0.6,0.2,1.4,15.9,0,0,2.3,105,97.6,7.4,27,2.15,26.1,1.8,8.3,5.3,12.1,51.1,56.6,21.9,102.85,11.7,0,1
25,23,17.5,6.6,2.4,5.6,43.4,0.7,2.5,25.9,1.1,1.3,80.6,0.6,2.7,3.3,1.1,0.5,0.3,0.3,1,13.4,0,0,0.8,105.5,102.6,3,9.2,2.27,14.1,3.2,14,8.8,6.2,49.2,53.3,15.9,101.69,9.1,0,1
24,78,29.6,14.6,5.2,11.4,45.3,2,5.1,39.3,2.3,2.7,86,2,4.7,6.7,2.6,1.9,0.7,0.3,2.1,27.3,13,0,3.7,107.9,101.7,6.3,12.9,1.36,15.2,6.7,14.7,10.8,11.1,54.1,58.2,20.2,102.28,11.5,0,1
28,82,23.7,7.8,2.6,5.9,44.4,1.8,4.4,41.1,0.7,0.8,86.6,0.2,1.8,2,1.4,0.7,0.3,0.2,2,13.1,0,0,-0.3,107.3,107.9,-0.6,7.6,1.91,16.4,0.9,7,4.1,8.6,59.4,61.7,12.3,102.88,5.6,0,1
30,19,7.4,2.8,1.2,2.5,46.8,0.4,1.2,34.8,0.1,0.2,66.7,0.2,0.6,0.8,0.5,0.8,0.4,0.2,1.2,5.4,0,0,-1.7,98.7,108.4,-9.7,10.1,0.6,12.5,2.1,8.7,5.4,20.8,55.3,55.9,18.6,105.53,3.9,0,1
30,69,29.3,12.4,4.6,9.2,49.5,1.4,3,46.8,1.8,2.1,88.2,0.5,2,2.6,5.3,1.2,1.3,0.2,1.8,26.9,6,0,1.9,109.2,106.9,2.3,25.7,4.28,32,1.9,7.2,4.6,7.5,57.1,61,16.9,98.6,11.4,0,1
25,14,6.8,1.1,0.4,1.4,26.3,0,0.4,0,0.4,0.5,85.7,0,0.5,0.5,0.8,0.3,0.1,0,0.5,3.1,0,0,0.9,111.6,104.5,7.1,14.7,2.75,29.7,0,8,4,10.8,26.3,36.2,11.9,100.34,2.6,0,1
25,70,23.5,7.9,2.9,6,47.8,0.3,0.7,34.6,1.9,2.9,65.5,1.3,3.4,4.7,1.5,1.1,0.8,0.4,2.3,18.4,3,0,-3.4,102.3,108.8,-6.5,9.4,1.35,14.9,5,14.2,9.5,11.1,49.9,54.2,15,100.86,7.5,0,1
37,73,13.7,6.8,3,5.2,57.1,0,0.1,37.5,0.8,1.1,75.9,0.9,2.4,3.3,1.9,1.1,0.6,1,1.6,17.4,0,0,0.5,102.5,101,1.5,22,1.73,21.9,7.2,16.3,12.2,12.7,57.5,60,22.1,97.5,14.5,0,1
25,77,14.1,5.9,2.1,4.8,44,1.2,3.3,37.3,0.5,0.6,81.6,0.2,1.8,2,1,0.5,0.3,0.4,1.2,11.4,0,0,1.2,102.8,99.4,3.4,10.2,2.06,14.9,1.7,12.2,7,7.3,56.8,58.8,16.7,99.85,9.2,0,1
23,21,11.5,3,1,3.6,28.9,0.5,1.8,28.9,0.4,0.6,66.7,0.1,1.8,1.9,0.6,0.5,0.5,0.1,0.8,7.4,0,0,-3.6,90.4,104.2,-13.7,8.7,1.3,12.4,0.7,14.9,7.2,9.5,36.2,38.8,15.7,103.97,4.7,0,1
20,73,27.7,11.6,4.5,10.9,41.2,0.6,2.1,30.7,1.9,2.7,72.3,0.5,2.3,2.8,4.4,2.4,1,0.3,2.2,22.8,3,0,-5.7,101,111.1,-10.1,24,1.85,23.3,1.6,8.7,5,12.6,44.1,47.8,22.6,98.71,7.4,0,1
29,77,31.5,12,4.8,7.5,64.5,0,0,0,2.4,4.1,58,4.3,10.9,15.2,1.5,1.8,0.5,0.9,2.6,35,46,0,-1.7,107.3,109.5,-2.2,7.4,0.85,12,13.2,33.9,23.6,14.1,64.5,64.8,15,99.23,15.2,0,1
30,58,12.5,1.7,0.7,1.8,37.7,0.3,0.9,35.8,0,0.1,40,0.1,1.2,1.3,0.8,0.3,0.6,0.2,1.4,6.8,0,0,-3.6,96.9,110.2,-13.4,9.1,2.4,27.3,1,10,5.4,11.4,46.7,46.7,7.8,99.51,3.5,0,1
23,26,17.5,5.2,2,4.9,41.4,0.4,1.2,36.7,0.7,1.3,57.6,0.3,2.5,2.8,1.9,1.8,0.8,0.5,1.5,13.4,0,0,-2.9,97.2,105.6,-8.4,16.6,1.04,20.5,1.7,14.2,7.9,19.7,45.7,47.7,17.6,102.39,6.3,0,1
21,81,21.5,8.1,3.3,7.5,44.3,0.1,0.4,26.5,1.3,1.8,70.9,1.4,4.3,5.7,2.9,1.7,1.2,0.4,1.9,22.2,7,0,1.9,101.6,98,3.6,20.2,1.72,22.2,6.1,19.6,12.8,12.9,45.1,48.5,19.9,98.3,11.7,0,1
26,69,20.8,8,2.9,6.3,46.5,0.8,2.2,36.6,1.4,1.7,82.9,0.7,2.2,2.9,2.9,1.1,1,0.5,1.2,19.3,1,0,3.4,109.2,101.7,7.5,20.2,2.56,26.4,3.1,10.7,6.9,10.3,53,57.4,16.7,98.82,11.6,0,1
28,80,33.9,23,8.1,17.7,45.6,1.1,3.6,31,5.8,7,82.5,0.7,3.2,3.9,5.2,2.2,1.1,0.3,1.9,37.4,0,0,5.5,113.7,106,7.7,24.5,2.38,18.7,2.1,9.1,5.7,7.8,48.8,55.5,28.5,99.87,13.5,1,2
27,48,36.2,25.2,8.5,18,47,2.2,6.1,35.4,6.1,8.2,74.6,2.2,10.7,12.9,5.4,5,1.6,1.6,3.8,53.3,38,3,1.6,108,105,3.1,24.1,1.06,16.8,6.5,29.2,18.3,15.8,53,58.3,31.6,101.33,16.7,1,2
31,73,29.9,13.5,4.5,10.8,41.4,2,5.4,37.1,2.6,3.4,76.4,1.4,5.1,6.6,2,1.4,0.8,0.4,2.3,26.6,13,0,-0.9,105.6,106.8,-1.2,10.6,1.43,12.9,4.5,16.5,10.4,9,50.6,55,19.2,100.77,10.1,0,1
23,15,5.3,1.1,0.5,1.2,38.9,0.1,0.5,14.3,0.1,0.1,50,0.3,0.5,0.8,0.6,0.7,0.3,0.1,0.5,3.5,0,0,-2.5,85.2,108.3,-23.1,18.8,0.9,23.7,6,8.6,7.3,26.3,41.7,42.4,15.4,101.16,3.7,0,1
24,67,31,19.4,7.5,17.1,43.6,1.1,3.9,29,3.4,4,84.9,0.7,2.4,3.1,6.2,2.7,1.1,0.1,2.2,33.2,5,0,-4.1,104.5,110.8,-6.3,35.2,2.28,22.5,2.1,8.1,5,9.9,46.9,51.5,29.6,99.73,11.6,0,1
20,69,29.7,15.2,5.9,14.8,39.5,1.5,4.9,31.3,1.9,2.8,69.4,0.7,3,3.8,5.2,2.8,1,0.3,2.2,28.6,6,1,-4.7,101.5,109.3,-7.8,30.1,1.85,21.6,2.3,10.6,6.3,11.7,44.6,47.3,27.8,98.95,8.7,0,1
24,77,27.2,10.2,3.9,9.4,41.7,1.9,4.8,38.6,0.5,0.7,74.5,0.6,4.5,5.1,3.2,1.3,0.8,0.1,2.4,22.7,5,0,-3.5,101,107.6,-6.6,17.8,2.46,22.6,2.1,16.8,9,9.1,51.7,52.7,16.9,100.32,9.1,0,1
26,77,28,12.3,5.1,9.1,56.3,0.2,0.8,22.2,1.8,2.8,65.1,2.6,4.6,7.2,1.3,1.1,0.7,1.1,2.1,27,15,0,1.9,104.9,101.5,3.4,7.5,1.16,10.4,9.7,16.7,13.3,8.9,57.3,59.3,17.9,98.28,11.9,0,1
21,20,12.3,3.1,1.1,2.7,39.6,0.2,0.9,16.7,0.8,1.2,66.7,1.1,0.9,1.9,0.5,0.4,0.2,0.7,1.2,8.2,0,0,-1.8,95,102.4,-7.4,5.6,1.29,11.3,7.7,6.6,7.2,8.8,42.5,48,12.2,98.38,4.6,0,1
29,25,16.8,8.4,3.2,7.4,43.5,0.3,1.2,23.3,1.6,1.8,87,0.5,0.9,1.4,1.5,1.4,0.3,0.2,0.6,12.2,0,0,-2.1,106.2,113.1,-7,13.6,1.06,13.2,3.3,5.3,4.3,12.5,45.4,50.7,24.1,103.56,6.8,0,1
23,16,9.2,1.8,0.5,1.6,32,0.4,1.1,41.2,0.4,0.4,100,0.1,0.9,1,1,0.1,0.4,0.2,0.4,6.3,0,0,-1.9,96,105,-9,17,8,34.8,1.4,9.5,5.6,4.3,46,52.5,9.1,97.98,8.2,0,1
23,17,8.2,3.2,0.9,1.9,48.5,0.5,0.8,61.5,0.8,1.2,70,0.3,1.2,1.5,0.5,0.4,0.2,0.2,0.5,6.7,0,0,1.8,99.7,87.5,12.2,9.8,1.5,15.5,3.4,12.8,8.4,10.3,60.6,64.6,14.5,104.15,12.4,0,1
21,54,34.5,24.9,8.4,19.5,43.2,2.7,7.1,38.3,5.4,6.1,87.8,0.5,4,4.5,4.7,3.6,0.9,0.3,3.1,37.2,4,0,-6.6,102.3,111.3,-9,23.3,1.3,15.5,1.3,11.2,6.2,11.9,50.1,56.1,29.9,104.37,12.3,0,1
35,71,18.9,8.4,2.6,6.4,41.2,1.1,3.2,34.8,2,2.4,83.5,0.2,1.6,1.8,2.1,1.1,0.7,0.2,2.2,15.2,0,0,1.5,108.2,104.6,3.6,16.5,2,20.2,0.9,8.5,4.7,10.1,49.9,56.3,19.2,101,7.6,0,1
28,62,24.9,10,4,7.7,52.4,0.8,2.3,35.5,1.1,1.4,77.9,1.6,6.3,7.9,1.5,1.4,0.6,0.8,2.6,24.6,15,0,-2.5,102.2,107.2,-5,9,1.06,13.2,6.5,24.9,15.8,12.4,57.7,59.9,16.5,100.67,11.9,0,1
21,62,15.2,5.8,2.6,4.3,60.8,0,0,0,0.6,0.9,66.7,1.2,2.8,4,0.6,0.5,0.2,0.6,2,13.7,1,0,-2.6,99.7,108.1,-8.4,6.8,1.25,11,7.8,18.2,13,8.8,60.8,62.1,14.3,101.18,10.8,0,1
22,82,28.7,11,4.1,9.4,44,1.1,3.2,35.6,1.5,2,74.7,0.6,2.5,3.1,1.6,1.5,0.9,0.2,2.8,19,0,0,-3,101.6,106.6,-5.1,9.2,1.09,12.3,2.1,9.2,5.6,11.3,50.1,53.1,18.2,96.66,6.3,0,1
26,30,30.6,14.3,5.4,13.7,39.8,1.7,5.7,30.6,1.7,2.3,73.9,0.3,2.3,2.6,3.8,2.3,0.8,0.3,2,23.9,0,0,-2.8,100.4,104.9,-4.6,21,1.61,18.1,0.9,7.8,4.3,11.2,46.1,48.7,24.9,97.3,7.6,0,1
40,77,24.7,12,4.5,9.8,45.6,1.8,4.4,40.9,1.3,1.4,89.8,0.3,5.4,5.7,1.6,0.7,0.6,0.6,1.9,24,5,0,-0.7,104.3,105.9,-1.5,9.8,2.35,12.4,1.2,22.7,11.8,5.3,54.7,57.5,19.7,100.13,11.9,0,1
22,74,24.5,11.6,4.6,8.9,51.4,0.2,0.5,35.1,2.3,3,75,2.2,5.5,7.7,2,1.9,0.5,0.4,3,25,15,0,0.5,106,105.1,0.9,12.7,1.1,14.4,9.3,22.7,16,13.1,52.4,56.7,21.2,98.66,12.1,0,1
21,79,33.4,20.5,7.5,17.2,43.7,2.4,7,34,3,3.8,80.5,0.7,3.1,3.7,3.7,2.7,1.5,0.3,2.7,33.3,0,0,4.5,107.6,100.9,6.7,18.9,1.35,14.6,2,9.3,5.7,10.8,50.6,54.1,28.1,98.24,10.9,0,1
25,21,21.3,5.9,2.2,5.8,38,1,3.2,29.9,0.5,0.7,73.3,1,2.5,3.6,1.2,1,0.5,0.2,2,13,1,0,-1.1,99.3,102.2,-2.8,8.6,1.24,14.9,4.3,12.1,7.9,12,46.3,48.2,14.3,98.28,5.1,0,1
26,81,21.8,7.8,2.9,6.3,46.7,1.1,2.7,42.6,0.8,1,79,0.5,2,2.5,1,0.7,0.2,0.2,1.5,12.8,0,0,-0.4,103.2,104.3,-1.1,6.5,1.41,11.7,2.2,8.7,5.5,8.3,55.7,57.9,14.3,100.03,6.9,0,1
20,82,25.2,6.5,2.3,5.9,38.6,1.4,3.9,36.6,0.5,0.6,76.5,0.5,3.9,4.4,1.6,1.4,0.3,0.6,2,15.5,3,0,-5.7,99.7,110.2,-10.5,8.9,1.16,17.4,1.8,14.9,8.2,15,50.8,52.4,12.4,103.03,5.8,0,1
28,70,32.7,11,4,8.8,45.4,1.1,3.7,30.1,1.9,2.5,77.5,1.1,6.6,7.6,7.3,2.9,1.4,1.3,2.6,36.2,23,3,4.4,110.8,104.4,6.4,28.6,2.51,36.1,3.6,18.3,11.7,14.4,51.6,55.6,16.7,103.52,11.7,1,2
22,53,13.5,3.3,1.4,3.6,37.5,0.2,0.8,25.6,0.4,0.5,80,0.1,2.3,2.3,0.7,0.4,0.3,0,0.9,7.8,0,0,0.2,103.4,104.2,-0.8,7.7,1.65,14.6,0.5,15.8,8.1,8.8,40.4,43.1,12.9,102.33,5.8,0,1
29,29,14.7,7.4,2.8,6.8,41.4,0.5,1.6,33.3,1.2,1.4,87.8,0.4,1,1.4,2,1.3,0.7,0.1,1.3,13,0,0,0.1,99.7,99.5,0.1,24,1.51,18.7,2.8,6.7,4.7,12.3,45.2,49.8,26.3,98.36,8.4,0,1
32,81,30.4,16.6,6.2,11.2,55.5,0,0.1,14.3,4.1,7.2,57.4,3.1,9.3,12.5,1.3,2.6,0.6,1.6,3.1,37.6,53,0,1.1,108.9,107.2,1.7,6.9,0.5,7.1,10.1,29.5,19.9,14,55.6,57.7,23.7,100.22,13.6,0,1
26,79,21.2,8.5,3.2,5.4,59.3,0.4,1.1,33.3,1.7,2.3,71.9,1.7,3.9,5.6,1.2,0.7,0.8,0.4,2.4,20,5,0,0.1,104.2,103.6,0.5,8.5,1.54,13.8,8,19,13.4,9,62.6,65.6,14.9,98.91,11.9,0,1
36,67,22.9,11.4,4.5,10.2,43.8,0.5,1.7,28.8,2,2.8,71.4,0.7,3,3.8,3.4,2.1,0.9,0.7,1.9,23.8,3,0,0.4,105.1,104.4,0.7,24.5,1.63,20.1,3.2,12.4,7.9,12.4,46.2,50,24.8,101.63,10.4,0,1
29,82,31.5,12.5,5.2,10.1,50.8,1.6,3.7,42.5,0.6,0.8,70.6,0.7,2.2,2.9,2.3,1.2,1,0.1,2.2,21.5,0,0,1.8,108,105.2,2.8,9.9,1.83,16.3,2.3,6.5,4.5,8.9,58.5,59.3,15.7,103.31,7.3,0,1
29,78,18.9,5.3,2.2,3.7,58.2,0,0,0,0.9,1.4,66.7,2.3,5,7.4,0.5,0.8,0.4,0.7,2.4,17.3,6,0,1.2,106.2,102.8,3.4,3.9,0.61,9,12.1,25.4,18.8,14.8,58.2,60.7,11.8,97.67,11.5,0,1
31,63,12.9,2.6,1,1.9,50,0,0,0,0.7,0.9,75,1.1,1.3,2.4,0.8,0.3,0.7,1.2,1.7,11.9,0,0,1,102.5,99.2,3.2,9.3,2.65,24.4,8.6,10.5,9.5,9.2,50,56,8.8,100.31,7.2,0,1
24,63,28.7,12.7,5.2,10.6,49.3,0.5,1.5,32.6,1.7,2.7,64.9,1,3.3,4.3,6.2,2.7,1.3,0.3,2.3,29.6,8,2,-7.3,102.8,115,-12.2,32.8,2.34,30.3,3.3,11.7,7.4,13,51.6,53.8,20.8,102.28,10.8,0,1
35,26,13.6,4.4,1.8,3.7,50.5,0,0,0,0.7,0.8,81.8,1.8,2.8,4.6,0.3,0.5,0.3,1,1.2,13.7,0,0,0,102.1,102.1,0,2.8,0.62,6.4,12,17.5,14.8,10.4,50.5,54.5,13.2,105.99,9.6,0,1
22,64,19.4,8.6,3.2,8.2,38.8,0.7,2.3,31.8,1.5,2,76,0.4,2,2.4,3.2,1.8,0.6,0.2,1.3,17,1,0,-4.2,101,110.8,-9.8,25.4,1.82,22.9,1.9,9.9,5.8,12.6,43.3,47.4,22.9,102.33,8,0,1
26,71,25.8,14.1,5.9,10,59.2,0,0,0,2.2,2.6,84.8,3.8,7.1,11,1.5,1.7,0.5,0.5,2.6,30.9,39,0,-2.6,105.7,110.6,-4.9,9.1,0.86,10.3,14.6,27.9,21.2,12,59.2,63,21,98.8,16.1,0,1
28,74,31.4,17.7,6.3,13.4,47.3,1.7,4.9,34.7,3.4,4.3,79.5,0.7,3.1,3.8,5,2.9,2,0.6,2.5,34.7,3,1,1.6,109.9,107.1,2.8,24.6,1.71,21.6,2.3,10,6.3,12.6,53.6,58.2,25.2,99.28,12.5,0,1
29,69,31.2,18,6,14.1,42.8,3.2,8.8,35.9,2.8,3.5,80.9,0.4,2.1,2.5,2.2,1.9,0.6,0.4,1.7,25.5,0,0,8.5,115.6,102.8,12.8,11.3,1.18,11.4,1.1,6.5,3.9,9.6,54,57.8,23.6,100.59,9,0,1
26,67,12,2.1,1,1.8,54.1,0,0,0,0.2,0.4,37.9,1.2,2.9,4.1,1.2,0.6,0.5,0.8,1.7,11.9,2,0,0.1,99,98,0.9,14.1,1.9,30.8,9.6,24.3,16.8,16.2,54.1,53.1,9.6,97.51,10.3,0,1
31,69,25.1,10.9,4,8.9,45.2,1.3,3.7,36,1.5,2,77.8,1.7,4.2,5.9,1.3,1,0.9,0.4,2.3,22.6,7,0,0.3,105.9,105.2,0.7,7.8,1.25,10.8,6.7,16.1,11.4,8.6,52.6,55.8,18.1,101.18,9.9,0,1
25,57,32.2,17.8,6.5,14.1,45.9,2.2,5.9,37.9,2.6,3,86.7,0.4,2.8,3.2,2.9,1.7,0.8,0.3,2.4,27.6,0,0,-2.1,106.6,109.7,-3,13.8,1.74,14.6,1.2,8.4,4.8,8.4,53.8,57.7,22.5,101.83,9.3,0,1
29,79,25.7,8.2,3.3,7.3,44.7,0.5,1.7,31.8,1.2,1.4,85,0.4,2.7,3.1,2.2,1.3,0.6,0.4,2.1,16.8,0,0,-0.6,103.8,104.6,-0.9,12.8,1.75,19.3,1.4,10,5.7,11,48.4,52,15.2,99.22,7.1,0,1
25,79,23.2,11.1,3.9,9.1,42.9,1.3,3.5,38,2,2.5,79.9,0.6,3.1,3.6,1.6,0.8,0.5,0.2,1.2,19.1,0,0,-0.7,106.9,109.1,-2.3,11.3,1.95,13,2.3,13.9,7.8,6.7,50.1,54.5,20,99.56,9.8,0,1
24,52,18.9,7.9,2.8,7.3,37.9,0.6,1.7,36,1.8,2.2,81.7,0.6,1.9,2.5,2.8,1.3,0.7,0.2,1.4,16.5,0,0,-0.7,102.7,104.6,-1.8,23.3,2.26,22.9,3,10.7,6.7,10.1,42,48,22.4,95.22,9.1,0,1
19,78,21.9,5.9,2.3,6.4,36.4,0.6,2,31.8,0.6,0.9,72.1,0.5,1.8,2.3,3.2,1.7,0.8,0.2,2.3,15,1,0,-1.3,101.3,104.1,-2.8,21,1.91,27.4,2.1,7.9,5,14.4,41.4,43.7,16.5,99.57,4.8,0,1
24,76,20,8.6,3.1,7.2,42.6,1.4,3.4,41.4,1.1,1.3,83.2,0.3,2.1,2.4,3.2,1,0.9,0.3,1.7,18.8,0,0,4.6,110.9,100.4,10.5,23.1,3.28,26.9,1.6,10.2,6,8.2,52.5,55.6,18.6,98.69,11.1,0,1
20,14,5.7,1.6,0.6,2,28.6,0.4,1.2,29.4,0.1,0.3,50,0.1,0.6,0.8,0.3,0.1,0.1,0.1,0.9,3.5,0,0,-3.1,90,119.8,-29.8,7.7,2,11.1,2,12.3,6.4,5.6,37.5,38.6,15.8,105.95,1,0,1
32,65,24.8,8.4,3.1,7.3,41.8,1.4,3.5,39.2,0.9,1.2,76.9,0.3,2,2.3,1.9,1.2,0.9,0.4,2.1,16.7,0,0,-4,100.1,107.5,-7.4,11.5,1.57,17.4,1.3,8.4,4.7,11.1,51.2,53.6,15.9,97.17,6.5,0,1
23,67,34.4,17.5,6.6,13.6,48.5,2.3,5.9,39.6,2,2.4,82.7,0.6,2.1,2.6,2.9,1.8,1.8,0.2,1.8,29.3,0,0,2.6,111.2,107.6,3.6,12.8,1.63,15,1.6,6.1,3.9,9.2,57,59.7,20.3,98.87,9.8,0,1
25,23,9.6,3,1.3,3.2,40.5,0.3,1.1,24,0.1,0.4,33.3,0.6,1.3,1.9,0.9,0.3,0.3,0.1,1.3,7.7,1,0,0.5,109.2,104.7,4.4,13,3,19.8,5.6,14.4,9.8,6.6,44.6,44.3,16.1,100.62,5.8,0,1
32,67,27,10,3.5,7.7,46,1.3,3.1,41.5,1.6,2.1,78.6,0.6,2.1,2.7,2.8,1.3,0.9,0.4,1.9,20,0,0,-1.8,107.8,111,-3.2,14.5,2.11,22,2.3,8.1,5.1,10.4,54.3,58,16,96.91,7.9,0,1
20,17,7.2,2.1,1.1,2.5,42.9,0,0,0,0,0,0,0.8,1.4,2.2,0.5,0.5,0.2,0.4,0.7,6.8,0,0,-0.3,110.1,113.8,-3.7,9.7,1.13,15.3,10,21.6,15.4,13.6,42.9,42.9,16.9,101.04,7.1,0,1
32,41,22.7,12.1,4.1,10.1,40.7,2.7,7.3,36.9,1.2,1.5,85,0.4,2.9,3.2,0.6,0.8,0.6,0.4,2.1,19,0,0,2.3,106.7,101.6,5.1,4.5,0.81,5.1,1.6,12.4,6.9,6.3,54,56.6,21.8,100.32,8.8,0,1
23,75,36.7,26.9,9.9,18.7,52.9,0.6,1.9,30.7,6.5,8.5,76,2.1,8,10,4.8,3,1.5,1.4,3.1,51.7,42,1,2,108.7,105.7,3.1,23.7,1.62,15.9,6,21.8,14.1,9.8,54.5,59.8,30.6,98.3,18.6,1,2
24,23,14.7,4.1,1.6,3.7,42.4,0.6,1.5,41.2,0.4,0.5,81.8,0.5,1.1,1.6,0.7,0.2,0.6,0,0.6,8.8,0,0,0,102.4,103.1,-0.7,6.8,3.4,15.2,3,7.8,5.2,4.5,50.6,52.9,11.7,99.62,7.1,0,1
32,75,31.7,17.3,6.5,14.3,45,1.5,4,37,2.9,3.6,80.1,0.7,3.4,4.1,4.8,2.2,0.8,0.2,2.4,30.1,3,0,0.3,105.6,105,0.6,24.5,2.16,20.9,2.3,10.5,6.4,9.7,50.2,54.3,24.8,98.25,11.5,1,2
28,79,16.9,5.9,2.4,4.9,47.9,0.2,0.8,31.1,1,1.3,77.5,1.3,3.2,4.6,0.9,0.7,0.6,0.5,1.9,15.2,2,0,-2.6,102.8,109.6,-6.8,8,1.2,12.5,7.8,20.1,13.7,10.4,50.4,54.3,15.7,100.76,9.3,0,1
28,51,20.4,10.3,4.3,7.6,56.5,0,0,0,1.7,2.3,73.9,2.1,4.7,6.9,2.2,1.8,0.9,0.5,1.9,24,9,1,-4.2,99.8,109.1,-9.2,18.9,1.21,17.6,10.4,24.4,17.2,14.5,56.5,59.8,21.6,101.04,15.3,0,1
22,33,7.1,2.4,0.8,1.8,42.6,0.4,1.1,32.4,0.5,0.7,68.2,0.5,1.1,1.6,0.5,0.4,0.1,0.2,0.7,5.5,0,0,-0.2,99.4,100.8,-1.4,10.7,1.33,16.2,6.5,15.2,10.5,12.1,52.5,55.9,14.3,101.29,8,0,1
26,77,34.2,18.9,7,15.7,44.5,1.5,4.3,35.7,3.4,4.1,82.7,1,5.1,6.1,2,1.5,0.6,0.2,1.2,30,8,0,-4.2,103,109,-6,10.1,1.29,9.4,2.8,15.4,8.9,7.3,49.4,53.9,24.6,97.39,11.4,0,1
29,54,25.3,14,5.8,10.7,54,0,0,100,2.4,3.4,70.3,3.2,8.2,11.4,1,1.7,0.7,1.7,2.4,34.8,28,0,-1.5,101.2,103.8,-2.5,6.8,0.59,6.8,12.1,31.7,21.8,11.5,54.2,57.3,23.3,99.29,17.6,0,1
21,38,8.7,4,1.4,3.8,36.3,0.5,1.6,33.3,0.7,0.8,86.2,0.3,1.9,2.1,0.5,0.5,0.1,0,0.6,7.2,1,0,-0.1,97.1,96.7,0.4,9.8,1.11,10.2,2.9,20.8,11.8,9.1,43.2,47.6,23.2,100.98,9.6,0,1
27,74,19.7,7.4,3,6.7,44.8,0.8,2.6,31.8,0.6,0.8,76.3,0.1,1.6,1.7,1.5,0.8,0.4,0.1,1.6,12.7,0,0,0.4,106.5,105.2,1.2,10.7,1.93,16.1,0.7,7.4,4.3,8.4,51.1,52.9,16.7,102.78,6.2,0,1
31,77,14.9,4.8,1.8,3.2,55.6,0,0,0,1.2,1.7,70.3,1.8,2.3,4.1,0.7,1.3,0.5,0.5,3,12.5,1,0,0.2,105.3,104.2,1.2,6.8,0.53,11.6,11.8,15.6,13.7,21.8,55.6,60.1,14.9,99.6,6.1,0,1
19,11,2.7,1.2,0.4,0.8,44.4,0,0,0,0.5,0.5,83.3,0.5,0.4,0.8,0,0.2,0.1,0.3,0.1,3.1,0,0,-1.3,104.6,128.1,-23.5,0,0,0,15.2,13.8,14.5,14.3,44.4,55.8,17.9,103.93,10.9,0,1
28,14,19.7,4.4,1.6,4.1,37.9,0.5,1.9,26.9,0.8,1.1,73.3,0.5,2.4,2.9,1.2,1.1,0.6,0.3,1.6,11.4,0,0,2,106.8,102.4,4.4,8.4,1.06,17.3,2.6,11.3,7.2,16.3,44,48,12.4,102.19,4.9,0,1
27,20,21.1,8.6,2.6,6.9,38,1.1,3.3,33.3,2.3,2.6,90.2,0.3,2,2.3,3.8,1.5,0.8,0.1,1.8,18.1,0,0,1,108.2,107.1,1.1,27.6,2.62,28.8,1.4,9.4,5.4,11,46,53.9,19.2,98.57,9.6,0,1
23,18,13.3,4.4,1.8,4,45.8,0.1,0.5,22.2,0.7,1,66.7,0.6,1.7,2.3,0.9,0.9,0.1,0.2,2.5,8.6,0,0,-2.5,101.2,109.5,-8.3,9.8,1,14.2,4.1,11.8,8.1,14.2,47.2,50.1,17.4,100.72,3.3,0,1
23,67,17.4,6.6,2.4,5.8,41.8,0.3,1.2,25,1.5,2.1,70.2,0.3,1.1,1.4,3.1,1.3,0.5,0.1,1.7,13.7,0,0,-0.5,101.9,102.9,-0.9,27.2,2.45,27.7,1.8,5.8,3.9,11.3,44.4,49.2,19.3,102.95,6.9,0,1
29,32,26.9,15.2,4.9,13.2,37.3,1.7,5.9,29.3,3.7,4.1,89.3,0.5,1.6,2.1,4.8,3,0.5,0.1,1.8,23.6,0,0,-3.7,106.8,113.8,-7,26.8,1.61,21,1.9,5.6,3.7,13.1,43.8,50.8,27.4,104.06,7.7,0,1
23,16,11.2,6.3,2.5,5.4,46.5,0.4,1.1,38.9,0.8,1.2,68.4,0.3,1.4,1.6,1.3,1.5,0.5,0.1,1.4,10.5,0,0,-0.5,96.1,97.4,-1.3,21.3,0.83,14.5,2.2,11.3,6.9,17.4,50.6,53,27.3,103.53,8.7,0,1
29,82,24.9,10.9,4.7,9.8,48.6,0.4,1.2,34.7,1,1.4,69.8,0.3,2.4,2.7,4.4,1.3,0.8,0.2,1.7,22.5,3,0,0.5,106,105.3,0.7,27.3,3.33,27.3,1.3,9.5,5.4,8.2,50.7,52.5,20.1,99.21,10.6,0,1
21,36,14.3,5.6,2.4,4.2,56.6,0,0,0,0.8,1,80.6,1.5,2.9,4.4,0.9,1,0.3,0.4,1.5,13.3,3,0,-2.7,101.6,109.5,-7.9,9.5,0.91,13.6,10.2,21.6,15.7,14.9,56.6,59.9,16.6,99.94,11.1,0,1
21,43,9.5,3.7,1.4,2.8,50,0,0,0,0.9,1.2,76.5,1,1.8,2.9,0.6,0.6,0.2,0.3,1.1,9,1,0,1,98.9,93.7,5.2,9.5,0.96,12.8,10.1,16.8,13.5,13.3,50,55.7,17,103.07,10.8,0,1
34,69,23.2,11.6,4.4,10,43.9,1.7,4.5,36.7,1.2,1.5,78.4,0.2,2.7,2.9,6.3,2.1,0.5,0,1.2,24.1,6,0,0.3,106.3,105.6,0.7,42.6,3.03,33.1,0.9,12,6.4,10.9,52.2,54.5,24,99.05,13.3,0,1
23,13,8.8,3,1.2,2,57.7,0.2,0.5,42.9,0.5,1,46.2,0.5,1,1.5,0.6,0.6,0.2,0.1,0.5,6,0,0,1.4,106.5,101.2,5.3,9.9,1,17,5.5,10.5,8.1,17,63.5,61.5,13.8,102.05,7.6,0,1
23,31,24,12.6,5.2,10.7,48.2,1,2.6,38.3,1.3,1.7,74.1,1.4,3.5,4.9,1.9,1.5,0.8,0.3,1.6,23.2,3,0,-2.1,104.4,108.9,-4.5,12.9,1.31,12.8,5.5,14.5,10,9.8,52.9,55,22.5,101.72,11.1,0,1
27,80,26.1,9.7,3.4,8.4,40.4,1.4,4.3,32.3,1.5,1.9,81.8,0.7,2.7,3.4,1.2,0.9,0.8,0.3,2.3,17.9,0,0,0.3,107,106.5,0.5,7.1,1.34,10.9,2.9,10.3,6.6,8.1,48.6,52.5,16.8,100.39,6.1,0,1
22,28,12.6,6.3,2.8,4.9,55.8,0,0.1,25,0.8,1,72.4,0.8,2.3,3,0.4,0.8,0.1,0.6,1.8,12.1,0,0,-5.8,91.6,114.7,-23.1,7,0.57,6.6,5.8,19,12.2,11.5,56.2,58.4,21.4,98.22,10.5,0,1
25,22,15.6,4.7,2,3.7,54.3,0.2,0.5,50,0.5,0.7,62.5,1,2.6,3.5,0.4,0.4,0.4,1,2.2,13.3,0,0,0,99,98.4,0.6,4.1,1.13,8.7,5.8,16.1,11,7.7,57.4,58.5,12.3,96.43,8.7,0,1
24,35,4.6,1,0.4,1.3,29.8,0.1,0.6,20,0.1,0.1,66.7,0.1,0.3,0.5,0.3,0.1,0.2,0.1,0.4,2.7,0,0,-0.6,93.9,104.9,-11,9.9,2.2,17.2,2.4,7.8,5,7.8,34,35.2,13.8,100.3,2.7,0,1
22,82,18.6,6.9,3.1,4.7,65.9,0,0,50,0.7,1.2,59.4,2,2.8,4.8,0.7,1,0.5,1.2,2.6,17.8,4,0,3,110.8,102.7,8.1,5.4,0.67,10.1,10.7,15,12.9,15.1,66,66.2,14.2,99.68,9.7,0,1
25,16,11.3,4.6,1.6,4.3,38.2,0.6,1.6,38.5,0.8,1.2,63.2,0.8,1.6,2.4,0.3,0.4,0.3,0.1,1.4,8.5,0,0,-2,109,114.1,-5,3.2,0.57,4.6,6.3,15.4,10.4,8,45.6,48.5,19.3,98.19,5.1,0,1
38,80,20.7,10.3,3.9,9.3,41.5,1.3,3.9,33.1,1.3,1.4,90.3,0.3,1,1.2,2.3,1.2,0.5,0.1,1.1,15.9,0,0,-1.9,107.5,112.2,-4.7,17.7,1.95,17.4,1.3,5,3.1,8.9,48.5,51.9,22.9,98.96,7.9,0,1
21,81,31.7,16.7,5.9,13.1,45.1,2,5.4,37.8,2.8,3.1,90.5,1,2.7,3.7,3.4,2.1,1,0.3,2.1,28,1,0,2.8,113.1,109.2,4,15.9,1.59,17.1,3.3,8.7,6,10.8,52.9,57.6,22.2,98.52,9.6,0,1
36,50,20.3,4.9,1.9,4.9,38.9,0.8,2.5,33.1,0.3,0.4,80,0.3,1.8,2.1,3.6,1.3,0.5,0.1,1.6,13.3,0,0,-2.1,102.5,107.6,-5.1,25.5,2.67,35.9,1.3,8.8,5.2,13.4,47.3,48.9,13.6,101.12,6.5,0,1
25,15,18.6,5.1,2.1,5.3,39.2,0.5,1.9,27.6,0.5,0.8,58.3,0.3,2.3,2.5,1.2,0.5,0.1,0.2,0.7,10.4,0,0,-0.4,102.8,103.3,-0.5,9.8,2.25,16.4,1.3,11.9,6.4,7.3,44.3,45.7,14.1,97.98,6.2,0,1
27,72,22.3,7.1,2.5,5.3,47.4,0.7,2.1,33.3,1.3,1.6,83.6,1,2.1,3.1,1,0.8,0.7,0.3,1.9,14.3,1,0,-2.5,101.4,106.7,-5.3,6.9,1.27,12.6,4.5,9.6,7,10,54,58.8,13.3,97.93,7.3,0,1
28,72,35.4,30.4,9,20.1,44.9,3.7,10,36.7,8.7,10.1,85.8,0.6,4.8,5.4,8.8,4.4,1.8,0.7,2.3,53,31,4,7.3,115.8,105.7,10.1,44.9,2,23.4,1.7,13.7,7.8,11.7,54.1,61.9,35.1,98.7,19.4,1,2
31,73,26.6,10.8,4.2,8.4,50.3,0.8,2.5,30.8,1.5,2.2,69.8,0.8,4.1,4.9,3.8,1.9,1,0.7,2.6,25.5,6,0,0,105.1,105.3,-0.1,22,1.99,25.4,3.2,14.8,9.1,12.8,55,57.5,18.4,98.34,11.2,0,1
24,10,12,1.6,0.6,2.4,25,0.4,1.9,21.1,0,0,0,0.8,1.6,2.4,0.4,0.4,0.1,0,1,5,0,0,-2.6,97.6,108.3,-10.6,4.4,1,12.5,5.9,13.8,9.6,12.5,33.3,33.3,9.8,101.86,1.9,0,1
27,15,18.3,7,2.5,5.4,46.9,1.8,4.2,42.9,0.1,0.3,50,0.2,1.9,2.1,0.7,0.5,0.3,0.5,2.3,12.6,0,0,-0.1,105,104.8,0.2,5.6,1.25,9.9,1,10,5.5,7.9,63.6,63.4,14.3,97.84,6.7,0,1
28,55,28,10.3,4.1,8.9,45.7,0.8,2.3,33.9,1.5,2,72.1,2.7,5.8,8.4,1.4,1.4,0.6,0.5,2.8,24.4,16,0,-4.5,101.8,109.5,-7.7,8.2,1.04,11.4,9.6,21.8,15.5,11,50.1,53,17.6,96.04,10.1,0,1
32,48,14.3,3.2,1,2.5,39.3,0.6,1.7,36.3,0.6,0.7,77.1,0.2,1.8,2,1.6,0.6,0.5,0.2,1.8,9.6,0,0,0,105.7,105.8,-0.1,15.3,2.79,32,1.1,12.6,6.7,11.5,51.2,55.3,10.1,101.7,6.2,0,1
24,73,22.7,7.7,3,6.8,44.6,0.5,1.3,34.7,1.2,1.6,76.7,1.3,3,4.4,1,1.2,0.5,0.7,2.9,16.9,2,0,-3.6,99.6,107.2,-7.6,7.3,0.85,10.3,5.7,13.9,9.6,12.1,48,51.6,16.6,98.06,6.6,0,1
20,72,20,8.2,3.3,5.5,58.9,0.1,0.2,33.3,1.6,2,77.6,2,3.4,5.4,0.7,1.1,0.4,1.2,2,19.3,4,0,-2,102.4,106.9,-4.4,5.5,0.6,8.2,9.6,15.7,12.7,13.8,59.6,63.6,16,101.44,10.8,0,1
34,62,25,7.5,3,7.1,42.7,0.4,1.4,29.1,1,1.2,84,0.4,2.7,3.1,5.6,1.9,0.6,0.1,1.6,19.7,3,1,-0.3,107.4,108.2,-0.8,30.2,3.03,37.1,1.4,10.6,6.1,12.2,45.5,48.9,16.3,98.85,8.9,0,1
32,33,8.6,3.4,1.4,3.5,39.1,0.1,1,12.5,0.6,0.6,90.5,0.5,1.1,1.6,0.4,0.5,0.1,0.4,1.3,7,0,0,-2.5,95,109.8,-14.8,8.4,0.88,9.2,6,12.2,9,10.5,40.9,45.5,20.4,103.67,4.6,0,1
40,51,16,3.3,1.2,3,38.3,0.8,2.3,34.8,0.2,0.2,88.9,0.1,0.8,0.9,1.2,0.5,0.8,0.3,1,8.9,0,0,0.4,105.5,104.6,0.9,9.8,2.36,24.6,0.6,5.6,3.1,10.4,51.3,52.5,9.5,100.53,4.7,0,1
30,65,9.5,4.8,2.1,3.4,62.1,0,0.1,0,0.6,0.8,73.1,0.9,1.7,2.6,0.5,0.4,0.3,0.9,1.4,11.8,0,0,0.6,109.5,106.9,2.6,8,1.22,11,10.1,16.6,13.6,9,62.1,64.1,18.1,103.43,11.8,0,1
21,48,16.2,4.8,1.9,5.3,35.2,0.3,1.1,27.8,0.8,1,77.6,0.2,1.6,1.8,2.1,0.9,0.8,0.1,2,11.7,0,0,0.2,104.6,103.1,1.5,17.7,2.27,24,1.1,9.2,5.3,10.6,38.1,42.1,16.8,104.59,4.6,0,1
21,70,30.7,14.5,5.3,11.5,46.5,1.7,4.4,39.5,2.1,3.3,64.4,0.9,4,4.9,1.6,1.8,1,0.4,2.6,25.2,2,0,4.9,108.3,100.7,7.5,8.1,0.92,10,3,12.4,7.8,10.9,54,56.2,20.6,98.21,8.9,0,1
20,80,30.5,13.9,5,10.4,47.5,1.3,3,43.4,2.7,3.2,82.6,0.6,4.4,5,1.6,1.4,1,0.7,2.1,26.2,4,0,4.3,106.9,100.2,6.7,8.1,1.12,10.7,2.1,13.8,8.1,9.6,53.8,58.6,19.1,98.07,10.8,0,1
31,78,23.4,10.8,3.8,7.9,47.7,0.7,2.2,31.2,2.6,3,86.8,0.8,2.4,3.2,1.3,1,0.5,0.4,1.9,18.5,1,0,1.3,108.5,105.5,3,8.1,1.32,11,3.4,9.5,6.6,8.4,52,58.7,18.8,101.08,9,0,1
30,70,33,14.2,5.1,11.3,44.6,1.2,3.3,36.8,2.9,3.4,84.5,0.3,2.6,3,7,2.5,1.5,0.3,2.4,31.2,13,0,2,112.1,109.4,2.7,29.8,2.78,31.4,1.1,8.1,4.6,11.3,49.9,55.3,19.9,98.67,10.5,0,1
28,10,3.9,1.5,0.6,1.6,37.5,0.2,1,20,0.1,0.2,50,0.1,0.9,1,0,0.2,0,0.3,0.3,3.4,0,0,2.1,103.5,80,23.5,0,0,0,2.3,22,11.9,10.5,43.8,44.4,19.6,104.43,8.4,0,1
24,81,20.3,8.4,3,5.6,53.5,0.4,1.4,29.1,2,3,67.5,1.1,2.9,3.9,0.7,0.7,0.4,1,1.9,17.5,2,0,0.2,104.9,104,1,5.5,1.06,8.5,5,14,9.4,8.1,57,60.7,15.9,99.45,10.1,0,1
26,80,24.6,12.9,4.8,10.4,45.7,1.2,3.2,37,2.2,2.6,86.1,0.6,3.4,4.1,2.3,1.2,0.8,0.4,1.7,23.6,0,0,1,108.3,106.9,1.4,15.4,2,15.6,2.4,14,8,7.8,51.3,55.9,21.8,99.8,11.6,0,1
25,74,22.8,8.4,2.8,6.8,41.6,0.8,2.5,32.6,1.9,2.5,74.5,0.4,1.9,2.3,4.6,1.2,0.9,0.1,1.8,19.7,5,0,-3.4,101,108.2,-7.3,31.4,3.84,33.9,1.7,8.4,4.9,8.8,47.6,52.8,17,99.15,9.5,0,1
29,39,23.7,7.9,2.8,6.7,41.6,1.4,3.7,37,0.9,1.1,79.5,0.4,1.7,2.1,1.4,1.2,0.6,0.2,2.3,13.5,0,0,-1.8,101.2,104.3,-3.1,8.5,1.17,14.1,1.6,6.6,4.1,12,51.9,54.6,14.5,104.05,4.7,0,1
28,59,36.7,22.2,7.4,15.6,47.4,1.2,3.4,35,6.2,7.2,85.4,1.3,4,5.3,4.9,1.8,2,0.4,1.3,41.1,3,0,6.3,114,105.6,8.4,20.4,2.67,19.3,3.8,11.2,7.5,7.2,51.2,59,24.3,96.4,15.1,1,2
34,70,30.2,17.1,5.8,12.6,46,2.8,6.6,42,2.8,3.1,90.4,0.1,2.4,2.5,3,1.5,0.5,0.1,1.8,25,0,0,4.4,108,101.2,6.8,14.9,2.04,16.6,0.4,7.1,4,8.1,56.9,61.4,20.4,104.85,10.8,0,1
30,77,14.5,6.3,2,5.1,39.9,0.9,2.7,34.3,1.3,1.5,86.3,0.2,1.4,1.6,0.9,0.5,0.4,0.1,0.7,10.5,0,0,-2,101.4,108.3,-6.9,10,1.89,12.9,1.3,10.2,5.6,6.8,49.1,54.8,17.7,100.81,9.2,0,1
26,78,25.3,10.8,3.9,8,49.1,1.9,4.6,41.9,1.1,1.3,82.7,0.7,2.7,3.3,1.6,1.2,0.4,0.3,2,18.3,2,0,-1.5,104.3,107.2,-2.9,10.1,1.41,14.5,2.4,10.1,6.3,10.3,61.2,63.4,16,101.49,8.9,0,1
30,82,31.4,11.5,4.1,8.8,46.7,2.5,5.7,44,0.8,1,79.5,0.3,3.9,4.2,4.8,1.9,1.1,0.2,2.2,25.8,4,0,3.2,106.6,101.7,4.9,22.2,2.47,30,1,12.5,6.8,12.2,60.9,62.3,15.5,98.38,10.7,0,1
37,55,21.9,6.8,2.7,6.5,40.6,0.7,2.6,27.6,0.7,0.8,88.9,0.3,2.9,3.1,1.5,0.9,0.3,0.1,1.2,13.3,0,0,-1.5,100,103.9,-3.8,10.9,1.69,16.2,1.1,13,7,9.6,46.1,49,15.5,99.31,7,0,1
26,53,10.5,3.9,1.5,3.5,43,0.5,1.2,37.9,0.4,0.5,75.9,0.2,1,1.2,0.7,0.5,0.3,0,0.7,6.8,0,0,-1,98.8,105.5,-6.7,10.3,1.5,14.9,2,9.1,5.5,9.9,49.7,52.1,16.7,99.85,7,0,1
24,63,30.4,22.9,8.1,16.8,48.3,1,3.4,30.8,5.7,7.4,76.9,2.3,8.7,11,3.2,3.7,0.6,1.8,3.3,44.3,38,0,7.7,109.1,96.8,12.3,18.2,0.85,11.7,7.8,25.5,17.3,13.8,51.4,57.3,32.6,102.93,17.7,1,2
26,55,9.7,4.1,1.8,3.5,51.6,0,0.1,0,0.5,0.9,63.8,1.1,2,3.1,0.7,0.6,0.2,0.1,0.8,9,1,0,-1.2,98.5,105.4,-6.9,12.1,1.24,14.3,11.8,20.7,16.2,11.5,51.6,53.6,18.9,102.04,11.9,0,1
20,74,24.1,10.5,4.2,7.4,57.6,0.2,0.6,34,1.8,2.5,71.5,2.4,4.9,7.3,1.3,1.4,0.6,1.1,2.9,25,11,0,-3,99.8,106,-6.2,9,0.93,11.9,9.4,20.1,14.7,12.7,59.1,62,17.2,101.06,11.9,0,1
27,76,25.9,8.8,3.8,6.6,57.2,0,0.1,14.3,1.2,2.1,57,2,4.8,6.8,1.5,1.1,0.6,1.4,2.7,24.1,10,0,2.2,110.1,105.5,4.6,8.3,1.36,14.8,8.3,18.5,13.6,10.9,57.3,58.2,14.7,98.1,9.7,0,1
29,24,7.3,2.3,0.7,2.5,28.8,0.5,1.5,30.6,0.4,0.5,69.2,0.3,0.8,1,0.2,0.3,0.3,0.1,0.4,4.6,0,0,-1.2,103,111.4,-8.4,4,0.63,6.4,3.6,10.4,7,10.3,38.1,41.7,17.7,101.81,3.4,0,1
27,41,34.4,19.4,6.8,16.3,42,1.5,4.1,37.1,4.3,5.9,72.6,0.5,3.1,3.7,9.6,3.9,1.4,1.1,2,41.8,19,0,3.1,109.4,105.3,4.1,42.5,2.49,29.7,1.6,8.8,5.3,11.9,46.6,51.5,28,100.98,13,1,2
23,11,16,8.7,3.6,6.8,53.3,0.1,0.5,16.7,1.4,2.5,53.6,1.3,3.2,4.5,0.6,0.8,0.3,0.2,1.6,15.6,1,0,-1.5,100,104.3,-4.3,7.8,0.78,6.7,7.1,20,13.1,8.7,54,55,23.8,95.31,12.6,0,1
25,36,10.5,4.8,1.9,4.8,39.8,0.4,1.2,32.6,0.6,0.7,84,0.8,1.8,2.6,0.4,0.4,0.3,0.2,1.3,9.3,0,0,-2.4,92.6,103.5,-10.9,6.7,0.93,6.6,6.3,17.3,11.2,7.1,43.9,47,21.6,102.25,8,0,1
31,74,15.3,5.8,2.1,4.6,46.6,0.9,2.1,41.4,0.6,0.8,80.7,0.7,2.6,3.3,0.6,0.4,0.3,0.2,1.7,11.7,0,0,0.8,104.5,102.9,1.6,5.7,1.56,9.7,4.8,17.5,11.2,6.2,56.2,58.6,14.9,98.9,9.1,0,1
26,77,22.4,12.7,5.1,8.9,56.8,0.4,1,40.5,2.2,2.7,80.6,2.4,6.2,8.6,1.1,1.5,0.4,0.9,2.5,26.9,26,0,2.9,112.2,106.1,6.1,7.5,0.7,8.3,10.6,26.3,18.7,11.8,59,62.8,22.1,99.85,15.1,0,1
20,27,19.8,5.4,2,5.4,37.9,0.6,1.7,34.8,0.7,0.9,76,0.6,3.1,3.7,0.7,1,1.2,1.1,1.8,16.8,0,0,-3.7,91.6,100.9,-9.3,5.3,0.67,9,2.9,14.1,8.7,13.5,43.4,46.5,14.6,101.53,7.1,0,1
28,69,29.4,13.9,5.1,11,46.5,1,3,33.8,2.7,3.5,76.8,0.9,2.6,3.5,2.5,2.1,0.8,0.2,2.5,22.9,0,0,-4.3,103.8,110.9,-7.1,13.1,1.17,14.5,3,8.7,5.9,12.4,51.1,55.5,21.3,100.35,7.7,0,1
23,57,14.2,4.6,2,3.2,62.7,0,0.1,0,0.5,0.8,68.2,1.1,2.6,3.6,1.8,0.9,0.6,1,1.6,15.5,1,0,2.8,111.8,103.3,8.5,16.6,2,28.6,8.2,16.2,12.6,14.3,62.7,64.1,13.3,102.86,11.1,0,1
26,81,23.3,13.9,5.3,11.8,45.1,1.4,3.9,35.2,1.9,2.3,80,0.7,2,2.7,2.7,1.6,0.7,0.1,1.3,22,1,0,-0.5,103.8,105.5,-1.8,19.3,1.74,16.1,2.9,8,5.5,9.3,50.9,54.2,25.1,102.02,11.5,0,1
23,23,12.4,4,1.7,3.6,47.6,0.1,0.7,12.5,0.6,0.8,68.4,0.8,2.7,3.5,0.4,0.8,0.3,0.4,1.6,10.2,0,0,-1.3,100.9,106.7,-5.8,5.1,0.5,7.7,6.5,22.6,14.6,15.4,48.8,51.5,16.7,96.57,8,0,1
36,57,16,4.5,1.6,3.2,50.3,0.8,1.7,46.4,0.4,0.5,80,0.2,1.2,1.5,2.1,0.7,0.5,0,1.4,10.1,0,0,1.1,109.4,106.9,2.5,17.5,2.85,32.9,1.7,7.9,4.9,11.5,62.4,64.3,11.7,98.56,6.7,0,1
23,63,23.2,7.9,2.8,6,46.9,1.2,3.1,39.6,1,1.5,70.2,0.7,3.5,4.2,1.3,0.7,0.7,0.3,1.7,17,8,0,-1.1,105.4,107.5,-2.1,7.6,1.7,14.7,2.8,14.3,8.6,8.6,57.3,59.6,13.2,101.22,8.8,0,1
26,69,14.2,2.3,0.9,2.6,33,0.5,1.7,28.7,0.1,0.3,30,0.6,1.7,2.3,0.3,0.4,0.2,0.6,1.2,7.7,0,0,1.6,107.8,102.4,5.5,2.7,0.77,8.5,4.2,11.7,8,11,42,41.7,9.3,97.83,3.2,0,1
21,77,25.4,13.1,5.1,12.1,41.7,0.7,2.8,26.3,2.3,3.6,63.4,1.2,3.3,4.6,1.5,1.9,1,0.5,2.8,23.5,5,0,-6.9,97.8,109.6,-11.8,10.5,0.82,9,4.4,12.3,8.3,11,44.8,48,25.1,103.99,7.2,0,1
28,18,12,2.6,0.8,2.6,32.6,0.4,1.2,36.4,0.4,0.4,100,0.1,0.9,1.1,3.2,0.5,0.4,0.1,0.9,9.6,0,0,-0.1,102.7,102.4,0.2,37,6.33,49.1,0.9,7.9,4.3,7.8,41.3,46.4,11.8,100.59,8.5,0,1
24,81,33.2,12.9,4.9,10.9,45.1,1.6,4.1,37.8,1.5,1.8,84.5,0.9,2.7,3.5,2.9,1.7,1.5,0.9,2.5,26.9,0,0,0.5,104.4,103.3,1.1,13.1,1.65,17.6,2.5,8,5.3,10.7,52.3,55.1,17.5,98.08,8.6,0,1
32,80,28.1,8.3,3,7.4,40.3,1.8,4.8,37.5,0.5,0.7,69.6,0.4,2.6,2.9,1.8,1,0.9,0.1,2,16.4,0,0,-1.5,109.9,112.5,-2.6,8.7,1.74,16.7,1.3,9.2,5.3,9.6,52.4,53.4,13.5,99.76,5.2,0,1
28,81,36.1,19,7.6,15.4,49.4,1.5,4.4,33.7,2.3,2.9,78.6,0.8,3.7,4.5,6,2.6,1.5,0.8,2.5,37.7,8,1,3.9,109,103.6,5.4,24.3,2.28,23.8,2.2,9.5,6,10.4,54.3,57,22.4,102.86,11.8,0,1
22,25,11.1,3.3,1.2,3,38.7,0.6,2,28,0.4,0.5,83.3,0.7,1.4,2.2,0.5,0.4,0.2,0.1,1,7.3,0,0,-1,104,108.3,-4.3,6,1.33,11.9,6.2,13.9,9.8,8.9,48,51.1,13.2,100.39,6.1,0,1
23,82,26.7,16.1,6.1,11,55.8,0.1,0.5,22.2,3.7,5.2,71.8,2.2,5.8,8,2.6,2.6,0.5,0.5,3.3,30.2,28,1,-1,106,107.5,-1.5,15.8,0.99,13.9,8.2,20.2,14.4,14.1,56.3,60.6,24.8,102.15,13.5,0,1
29,23,7.6,0.8,0.3,0.6,46.2,0.3,0.6,46.2,0,0.1,50,0,1.2,1.3,1.1,0.3,0.2,0.1,0.9,4.5,0,0,1.7,106.3,96.6,9.7,18.7,3.71,55.3,0.5,15.3,7.9,14.9,69.2,68.4,5,104.24,6,0,1
24,38,13.7,6.2,2.3,5.3,43.1,0.9,2.7,33,0.7,1,73.7,0.7,1.8,2.4,0.7,0.4,0.4,0.2,1.4,11.5,0,0,-2.2,96.7,104.7,-8,7.8,1.56,9.6,4.6,12,8.4,6.2,51.5,54,18.5,102.95,8.7,0,1
29,72,31.5,12.2,4,10.9,37.1,2.2,6.2,35.9,1.9,2.3,82.3,0.4,3.6,4,2.1,1.3,1.1,0.4,1.9,23.5,2,0,-2.5,103.9,107.7,-3.8,9.7,1.65,14,1.3,11.4,6.2,8.5,47.4,51.3,17.7,100.77,6.9,0,1
23,68,22.2,6.7,2.7,6.2,44.2,0.8,2.7,30.8,0.4,0.5,72.2,0.4,2.4,2.8,1.1,0.6,0.4,0.2,1.2,12.8,0,0,-3.5,100.4,108,-7.6,7.1,1.85,13.6,1.8,10.9,6.2,7.3,51,52.1,13.8,98.12,6.4,0,1
22,68,24.7,7.8,3,7.2,42.4,0.7,1.9,38,1,1.5,63.5,0.9,4.5,5.4,2.2,1.1,0.8,0.5,2.1,20.3,2,0,0.4,102.6,102.2,0.5,13.4,1.92,19.6,3.7,17.8,10.7,10.2,47.4,49.6,15.7,98.62,9.2,0,1
23,79,26.4,14.3,6.1,12,50.5,0,0.1,0,2.2,3.5,63,2.4,6.6,9,1.8,2.3,0.8,1.4,3.1,32.1,27,0,2,105.6,102,3.7,11.5,0.78,10.3,8.7,23.7,16.2,13.2,50.5,52.8,25.5,99.74,12.7,0,1
25,18,6,1.1,0.3,1.2,27.3,0,0.6,0,0.4,0.5,77.8,0.2,0.4,0.6,0.7,0.5,0.2,0.1,0.8,3.1,0,0,-1.1,88.8,98.7,-9.9,16.7,1.33,25.5,3.4,6.7,4.9,19.1,27.3,36.6,12.8,103.67,0.6,0,1
22,82,35.6,21.3,7.8,14.3,54.5,1.5,3.5,42.1,4.2,4.9,85.8,2.9,9.4,12.3,2.4,1.9,0.8,1.4,3.5,44.3,68,0,4.5,114.5,108.4,6.1,10.5,1.25,11.7,8.5,27.2,17.9,9.3,59.6,64.6,22.4,96.85,16.5,1,2
26,74,33.4,25.5,8.6,17.7,48.5,2,5.2,38,6.3,7.2,88,1.1,4.7,5.8,3.5,2.1,1.8,0.7,1.6,43.3,9,0,5.9,113.1,104.3,8.8,18.2,1.69,13.3,3.4,14.3,8.9,7.9,54.1,61,30.5,95.46,17.4,1,3
23,16,8.7,3.6,1.3,4.4,30,0.3,1.2,21.1,0.7,0.8,91.7,0.2,0.9,1.1,1.3,1,0.2,0.1,0.7,6.5,0,0,-3,89,103.6,-14.6,24.7,1.25,17.9,1.9,10.8,6,14.3,32.9,37.9,27.6,103.88,3.8,0,1
27,76,23.4,11.5,4.2,8.4,49.7,1.4,3.7,37.9,1.8,2.3,77,1.2,4.5,5.7,2.7,1.9,0.8,0.5,2.9,24.3,7,0,3.1,109.4,103,6.4,18,1.41,19.4,5.2,20,12.6,13.8,58,61.2,21.2,97.49,12.2,0,1
22,81,27.5,11.8,3.9,9.8,40.3,1.6,4.6,34.1,2.4,2.9,82,0.7,3.8,4.5,1.2,1.1,1,0.4,2.9,22.1,0,0,-1.4,105.3,107.7,-2.5,6.7,1.09,9.1,2.6,13.6,8.1,8.3,48.2,53.4,18.7,100.01,7.9,0,1
28,80,34.2,22.1,7.4,17,43.1,2.9,7.5,38.4,4.5,5.3,86.4,0.4,2.7,3.1,5.6,2.2,1.1,0.3,1.2,36.2,3,0,2.6,110.7,107.1,3.6,26.4,2.48,20.6,1.1,7.7,4.4,8.3,51.6,57.2,26.6,100,13.1,1,3
28,32,14.4,5.9,2.4,4.6,51.4,0,0,0,1.1,1.6,70.6,2.1,2.7,4.8,0.6,0.7,0.4,0.4,1.6,14.1,3,0,-1.3,101.8,107.5,-5.7,6.4,0.78,8.5,13.5,19.3,16.2,10.8,51.4,55.2,17.1,99.7,10.8,0,1
28,65,27.5,12.9,4.4,10.4,42,1.7,4.2,39.4,2.5,3.1,79.6,0.4,3.4,3.8,3.5,2.4,1.5,0.7,2.3,27,0,0,-2.5,103,107.7,-4.6,19.9,1.45,19.9,1.4,12.4,6.9,13.7,50,54.7,21.8,100.36,9.9,0,1
25,74,33.2,13.4,4.6,10.8,42.6,2.1,5.6,38.3,2.1,2.6,78.9,0.8,4.4,5.2,2.2,1.3,1.4,0.2,2,26.6,4,0,-0.7,106,107,-0.9,9.3,1.67,14.3,2.3,12.7,7.5,8.6,52.6,56.1,16.4,101.84,9.2,0,1
29,68,34.2,26.4,9.3,18,51.6,2.5,6.1,41.9,5.3,5.9,88.9,0.5,6.4,6.8,5.4,3,0.7,1.8,2,47,15,2,5.2,115.4,108.4,7,24.3,1.77,18.7,1.5,16.9,9.9,10.6,58.6,64,29.2,102.65,16.8,1,3
29,59,28,17.6,5.7,12.4,45.8,2.3,5.6,41.5,4,4.5,88,1.7,7.5,9.3,1.7,1.5,0.7,0.4,2,33.2,31,0,1.3,111.9,110.1,1.9,9.9,1.14,9.9,6.5,27.4,17.2,8.7,55.2,61.4,24.6,99.65,15,1,3
22,66,13.8,4,1.7,2.9,58,0,0.1,20,0.6,1.2,54.5,1.3,2,3.3,0.6,0.5,0.5,0.8,1.6,12.5,0,0,1.8,109.6,103.4,6.2,6.2,1.35,14,9.4,13.5,11.6,10.3,58.3,58.8,12,101.79,7.9,0,1
25,42,13.8,4.2,1.6,3,54,0,0,0,1,1.5,68.9,1.7,2.6,4.3,0.8,0.5,0.4,0.5,1.3,12.7,3,0,0.3,103.7,102.6,1.1,8.8,1.62,16.2,11.4,19.1,15.2,10,54,58.2,12.9,98.51,10.9,0,1
26,82,36.4,20.1,7.2,15.5,46.6,1.8,5,35.9,3.9,4.4,88.4,0.5,4.7,5.2,4,2.3,1.5,0.3,3.3,35.2,5,1,1.2,109.9,108.1,1.8,17.2,1.72,17,1.6,13.3,7.6,9.9,52.4,57.7,23.8,98.24,11.4,0,1
28,73,34.3,20,7.9,16.1,48.9,3.1,7.1,44,1.1,1.3,83.7,0.4,3.4,3.8,2.5,1.8,0.8,0.5,1.6,30.3,2,0,5.4,111.9,104.9,7,10.8,1.45,12.1,1.4,8.9,5.5,8.3,58.6,59.9,23.1,102.04,10.3,1,3
20,32,20.1,6.1,2.5,5.9,42.3,0.3,1.2,28.2,0.8,0.8,100,0.4,1.1,1.6,2.1,1.4,0.6,0.2,1.9,12,0,0,-6.7,99.8,116.7,-16.9,15.7,1.55,21.8,2.1,6.2,4,14.1,45.2,49,16.2,98.75,4.6,0,1
29,71,19.6,6.7,3.1,5.5,57.1,0,0,0,0.5,1,44.6,2.1,4.5,6.6,1.2,0.7,0.7,0.5,2.1,19.2,6,0,-3.1,97.9,106.3,-8.4,10,1.78,15.6,10,23.6,16.5,8.8,57.1,56.6,14.8,96.56,12.4,0,1
24,52,29.3,13.4,5.5,12.8,42.9,0.8,2.6,32.1,1.6,2.2,73.7,0.5,3.8,4.3,6,2.9,2,0.5,3.3,32.2,4,0,-5.3,101.7,109.7,-8,31.9,2.07,26.3,1.5,13.1,7.1,12.7,46.2,48.8,24.4,101.22,9.5,0,1
22,48,32.4,22.7,8.1,18.5,43.9,1.9,4.8,39.5,4.5,5.7,79.3,1.3,5.3,6.6,1.2,1.9,0.8,2.4,2.9,39.8,5,0,0.3,106.4,106,0.4,6.3,0.61,4.9,3.9,15.4,9.8,8,48.9,53.9,30.3,98.37,12.5,1,3
24,74,26.7,7.9,3.1,5.9,52.7,0.3,0.8,33.3,1.4,2,71.2,1.1,4.2,5.4,2.7,1.3,1.6,0.8,1.5,24.2,6,0,1.9,103.8,101,2.7,14.6,2.15,25.3,4.3,15.8,10,11.8,54.9,58.2,13.1,97.92,11.1,0,1
26,32,15,3.2,1.2,3.1,38.4,0.1,0.5,23.5,0.7,1.3,52.5,1,2.3,3.3,1.8,0.8,0.5,0.3,1.4,11.5,1,0,-0.9,104.6,106.6,-2,16.3,2.33,28.6,6,16.2,10.7,12.2,40.4,43.3,12.4,98.04,6.6,0,1
37,73,21.6,9.2,3,6.6,45.9,2.2,5.2,43.6,0.9,1,88.9,0.1,2.1,2.3,1.2,0.8,0.4,0.4,1.8,15.4,0,0,3.8,111.4,103.6,7.9,7.9,1.6,13.6,0.6,9.3,5.2,8.5,62.8,65.2,15.3,101.67,8.3,0,1
22,77,31.2,16.1,6.1,13.5,45,2.1,5.6,36.6,1.9,2.7,70.7,1.1,5.1,6.3,1.8,1.8,0.6,0.4,2.1,27.8,17,0,-1.6,104.6,107,-2.4,9.1,1.01,10,3.5,15.4,9.5,10,52.7,54.9,21.8,102.35,10.4,0,1
32,78,32.2,16.2,5.2,12.1,42.7,3.1,7.6,39.9,2.9,3.3,85.4,0.8,4.7,5.6,6.9,2.3,1.1,0.2,2.5,34.9,23,3,5.1,112.7,105,7.7,30.7,2.93,30.3,2.6,14.2,8.5,10.3,55.3,59.8,21,99.82,13.6,1,3
28,77,18,7.1,2.9,5,58.3,0.1,0.2,23.5,1.3,1.6,77.2,1.6,4.5,6.1,2.1,1.3,0.5,1.3,2.5,21.5,8,0,-0.5,104.4,105.7,-1.2,16.6,1.58,22.7,9,24.2,16.8,14.4,58.9,62.5,16.6,99.82,13.7,0,1
30,12,4.9,1.9,0.6,1.8,33.3,0.2,0.4,40,0.6,1.1,53.8,0.1,0.8,0.8,0.2,0.3,0.1,0,0.3,3.2,0,0,-0.1,93.4,92.7,0.7,5.7,0.67,6.3,1.6,14.3,8,9.4,38.1,43,21.9,99.52,4.9,0,1
26,60,32.2,24.4,8.9,18.1,49.1,2.8,6.8,40.8,3.9,4.4,88.9,0.6,3.2,3.8,5.1,2.3,1.1,0.3,2,38.4,1,0,4.3,109.6,103.3,6.3,28.2,2.2,18.7,1.7,9.6,5.7,8.5,56.8,61,29.7,98.87,16.5,1,3
32,75,33.4,23.1,9.2,18,51,0.4,1.2,29.3,4.5,5.3,83.7,3.3,5.2,8.5,2,1.5,0.6,1.2,2.1,40.2,27,0,3.7,107.8,102.6,5.2,11.1,1.37,8.6,9.8,15.6,12.7,6.3,52,57,28.6,95.35,15.9,1,3
27,82,22.6,9.2,3.7,8.6,42.7,0.8,2.8,28.9,1,1.5,66.1,0.8,4.4,5.2,2.9,1.6,0.6,0.2,2.2,20.4,3,0,-1.3,105,108.8,-3.9,18.6,1.79,20.8,3.3,20.3,11.5,11.6,47.5,49.5,20.6,98.58,9.7,0,1
30,73,18.5,4.1,1.4,3.7,38.2,0.7,1.7,40.3,0.6,0.7,83,0.6,1.8,2.4,0.6,0.6,0.4,0.2,1.8,9.1,0,0,-2.5,100.1,106.5,-6.4,4.4,1.07,11.7,3.3,9.8,6.5,10.9,47.6,51.3,10.5,99.44,3.7,0,1
26,58,14.9,6.2,2.2,5.9,37.1,1.3,3.8,34.4,0.6,0.7,80.5,0.2,1.4,1.6,1,0.3,0.6,0.1,0.7,11.4,0,0,1.3,101.1,96.6,4.4,10.5,3.22,13.4,1.4,8.9,5.1,4.2,48.1,50.3,18.7,98.98,8.6,0,1
28,10,7,1.7,0.7,2.4,29.2,0.3,0.9,33.3,0,0,0,0.3,0,0.3,1,0.3,0,0,0.6,3.3,0,0,-1.3,99.3,108.3,-9,19.6,3.33,27,4.5,0,2.2,8.1,35.4,35.4,16.8,99.37,0.9,0,1
25,66,21.5,8.7,3.6,6.3,58.1,0,0.2,16.7,1.4,2.1,66.4,2.4,4.4,6.8,1.2,0.8,1.3,0.6,2.6,23.7,11,0,0.3,103.7,102.8,0.9,8.5,1.61,13.5,10.7,19.9,15.2,8.4,58.4,60.5,15.4,102.13,12.8,0,1
21,68,29.7,15.2,5.5,12.7,43.4,2.1,5.9,36.2,2.1,2.4,84.3,1.2,6.3,7.5,1.2,1.2,0.6,0.6,1.5,28.2,14,0,-5.7,100.6,109.7,-9.1,6.4,0.95,7.3,3.7,21.7,12.3,7.6,51.8,55.2,21.4,100.31,11.4,0,1
33,82,36.9,27.5,10.5,19.3,54.2,1.8,5,36.7,4.7,6.5,73.1,1.2,7.5,8.6,9.1,4.2,1.4,0.9,1.7,54.1,52,18,1.3,113.1,111.5,1.6,43.2,2.15,25.8,3.3,20.1,11.9,12,59,62.1,30.8,99.69,19.1,1,3
23,14,4.7,0.5,0.1,0.9,15.4,0,0.2,0,0.2,0.4,60,0.1,0.2,0.3,0.4,0.1,0.1,0.1,0.4,2,0,0,-1.4,105.2,122,-16.7,10.2,5,23.8,1.5,6.4,3.5,4.8,15.4,23,10,97.43,-0.8,0,2
20,52,34.2,10.2,3.9,10.8,36,1.7,5.7,30.5,0.6,1.4,45.1,1.3,5.6,6.9,7.2,2.6,1.7,0.8,2.3,34.3,13,2,-0.4,104.1,104.8,-0.7,28.8,2.76,34,3.6,15.3,9.5,12.3,44,44.4,16.8,103.56,9.8,0,2
27,14,9.9,2.3,1,2.4,41.2,0.1,0.9,16.7,0.1,0.1,100,0.1,1,1.1,0.9,0.2,0.4,0,0.5,5.8,0,0,3.3,104.3,90.4,13.9,12.5,4.33,25.5,0.8,9.7,5.6,5.9,44.1,45.9,12.2,95.27,7.6,0,2
31,79,32.8,22.6,7.4,16.9,43.5,2.4,6.6,35.9,5.5,6.2,88,0.5,2,2.5,5.3,3,1.1,0.2,1.3,34.5,7,0,1.5,111.2,109.4,1.7,25.4,1.78,19,1.5,5.9,3.8,10.7,50.5,57.4,28.4,102.44,12.7,0,2
31,61,25.6,7.5,2.7,5.7,48.1,1,2.8,36.4,1.1,1.6,68.4,0.4,2.7,3,0.9,1.1,1.2,0.4,1.6,16.2,0,0,5,110.7,101,9.6,5.2,0.81,10.8,1.5,10.2,6,13.4,57.2,59.5,12.7,99.52,6.7,0,2
25,49,8.5,2.5,1,1.6,61.3,0.1,0.4,26.3,0.4,0.6,67.9,0.4,1.4,1.8,0.4,0.3,0.5,0.9,1,9,0,0,1.8,104.8,95.2,9.6,7.4,1.38,16.9,4.4,16,10.3,12.3,64.4,66.1,11.3,100.63,10.6,0,2
29,50,14.3,5.2,1.8,4.3,42.3,1.2,3.1,38.5,0.3,0.4,77.3,0.1,1.8,1.9,0.6,0.4,0.2,0.1,1.1,8.9,0,0,-0.7,104.7,106.8,-2.1,6.4,1.63,11.3,1,12.3,6.7,6.9,56.3,57.6,14.6,101.3,6.8,0,2
22,73,20,7.6,2.8,6.4,44.3,1.1,2.7,41.5,0.9,1,85.5,0.3,2.1,2.4,1.7,0.9,0.6,0.2,1.2,14.5,1,0,1.6,106.3,102.3,3.9,12.7,1.8,18,1.4,10.4,5.9,10,53,56,16.8,97.97,8.6,0,2
22,20,16.3,6.7,2.5,6.3,39.2,1.4,4,35.4,0.4,0.6,72.7,0.6,2.7,3.2,1.3,0.6,0.3,0.8,1.4,15.2,1,0,-3.6,101.9,110.6,-8.7,11.4,2.17,15.6,3.2,15.8,9.4,7.2,50.4,51.6,18.8,100.78,8.3,0,2
22,26,12.4,3.4,1.2,3.5,33.3,0.5,1.5,30,0.7,0.8,77.3,0.2,1.1,1.3,0.5,0.4,0.4,0,1,6.6,0,0,-2.2,99.4,107.2,-7.8,5.8,1.3,10.6,1.5,9.7,5.3,8.1,40,44.6,14.8,99.32,3.5,0,2
25,48,29.9,13,5.1,10.5,48.5,1.3,3.4,38.5,1.6,1.8,88.2,0.5,2.8,3.3,3.2,1.4,0.9,0.3,2.7,23.7,1,0,-1.3,106.3,108.7,-2.4,16.5,2.3,20.1,1.7,9.7,5.8,8.7,54.7,57.8,18.8,97.64,9.4,0,2
29,54,18.8,6.3,2,5.3,38.2,0.9,2.3,37.1,1.4,1.7,80.4,0.2,1.7,1.9,3,1.2,0.6,0.1,1.5,14.1,0,0,-1.9,100.3,105.3,-5,24.4,2.47,29.4,0.9,9,4.9,11.9,46.3,51.9,16.3,101.07,8.1,0,2
25,15,8.4,2.5,0.9,1.9,46.4,0.5,1.4,38.1,0.3,0.3,100,0.3,0.7,1,0.2,0.3,0.1,0.1,0.7,4.3,0,0,0.5,104.6,101.5,3.1,3.4,0.6,7.9,3.1,9,6,13.2,60.7,63.8,11.4,99.44,5.4,0,2
21,62,9.4,3.2,1.2,2.9,41,0.5,1.3,34.1,0.4,0.5,66.7,0.2,0.9,1.1,0.5,0.4,0.2,0.1,0.6,6,0,0,-0.4,102.7,104.4,-1.7,7.7,1.29,12.6,2.3,9.5,5.8,9.8,48.9,50.9,14.9,104.16,6,0,2
20,63,13.5,6.7,2.4,6.7,36,1.3,3.9,34.2,0.5,0.6,84.2,0.1,0.9,1,1.4,0.8,0.3,0.1,1,10.7,0,0,-3,99.8,111.2,-11.4,17.8,1.86,15.6,0.8,6.9,3.7,8.4,45.8,47.7,23.8,102.75,6.3,0,2
40,65,20,8.9,3.1,7.1,43.4,1,3,33.3,1.7,2,84,0.3,1.9,2.2,2.5,1.6,0.7,0.2,1.9,16.4,0,0,1.1,106.3,104.7,1.6,19.3,1.55,20.7,1.5,9.3,5.4,13.4,50.3,55.3,20.3,99.72,8.5,0,2
33,73,33,17.2,5.9,14.2,42,1.5,4.4,34.1,3.8,4.6,83.4,1.1,7,8.1,4.2,2.7,0.7,1.4,2.5,36.9,25,1,-4.3,102.1,108.9,-6.9,22.5,1.57,18.3,3.3,22.5,12.7,11.6,47.3,53.2,25.3,95.67,14,0,2
34,82,25.3,8.4,3.5,6.8,51.8,0,0,0,1.3,2,67.5,2.2,5.4,7.6,1.8,1.2,0.5,0.7,2.1,22.8,15,0,1.3,106.6,104.2,2.4,10.3,1.53,17.1,8.9,21.3,15.1,11.2,51.8,54.6,15.2,98.82,10.4,0,2
32,80,24.3,12.1,4.2,9.6,44.1,1.9,4.9,37.7,1.9,2,90.8,0.3,1.6,1.9,1.9,1.2,0.8,0.2,1.1,18.9,0,0,-0.4,104.4,105.5,-1.1,11.5,1.57,13.8,1,6.6,3.8,8.8,53.9,58.1,19.6,102.12,9.3,0,2
24,42,5.3,1.4,0.5,1.1,43.8,0.1,0.4,26.7,0.3,0.5,61.9,0.2,0.2,0.4,0.2,0.1,0.1,0,0.8,2.5,0,0,-0.8,103.3,109.9,-6.6,4.5,2.33,10.4,3,4.3,3.6,4.5,47.9,51.5,10.9,103.55,1.7,0,2
28,54,26.7,13.6,4.9,11.3,42.9,1.6,4.3,36.8,2.3,2.9,80.5,0.8,4.6,5.4,1.3,1.2,0.6,0.2,1.9,23.4,2,0,0.4,105,104.5,0.5,8.2,1.11,8.9,2.9,16.6,9.7,8,49.9,54.1,22,99.34,10.6,0,2
24,54,29.9,10.2,3.5,9.5,36.7,1.4,4.6,30.1,1.8,2.5,72.9,0.8,2.7,3.5,4.8,2.4,1.3,0.4,2.5,24.4,0,0,3.9,105,99,5.9,23.4,2.01,26.9,2.6,8.5,5.6,13.4,44,47.9,18.6,99.71,7.5,0,2
32,66,21.5,7.7,2.5,6.7,37.9,0.8,2.9,27.7,1.8,2.1,85.5,0.2,2.2,2.4,3,1.8,1.2,0.2,2.7,17.5,1,0,-0.9,101.4,103.6,-2.2,21.4,1.68,24.1,0.9,10.4,5.5,14.3,43.9,50.3,18.4,100.6,7.2,0,2
23,75,22.1,9.6,3.6,8.2,44.2,1.2,3.6,33.7,1.1,1.4,81.9,0.5,3.2,3.7,1.4,1.1,1.1,0.4,1.8,19.6,2,0,-2.7,102.5,108.8,-6.3,10.1,1.23,12.4,2.4,14.4,8.4,10.1,51.5,54.4,19.5,99.56,9.4,0,2
20,14,18.1,7.1,3.2,7.9,40.5,0,0.1,0,0.7,1.5,47.6,0.8,2.3,3.1,3.8,1.2,0.9,0.3,1.6,18.7,1,1,1.4,99.5,96,3.5,29.4,3.12,27.7,3.9,10.5,7.4,8.9,40.5,41.6,21.5,108.15,9.4,0,2
28,73,27,11.5,4.5,9.4,48,1,2.8,36.7,1.4,1.8,82,1,4.6,5.6,1.9,1.7,0.8,0.5,3,23.3,5,0,0.4,107.8,106.6,1.2,10.7,1.12,14,4,17.3,10.7,12.6,53.6,56.6,19.4,97.87,9.2,0,2
20,72,21.2,7.7,2.8,6.6,42.3,0.8,2.6,29.5,1.3,2.2,60.8,1.1,4.4,5.5,1.2,1.5,0.7,1,2.8,19.6,5,0,-4.1,99.6,108.1,-8.5,8.1,0.78,11.2,4.6,20,12.1,14.5,48.2,50.9,17.4,104.02,7.5,0,2
30,52,13,7.7,2.7,6.7,39.5,1.7,4.5,36.9,0.8,1.1,72.7,0.4,2.2,2.6,0.8,0.8,0.2,0.4,2,12.9,1,0,0.5,103.4,102.4,1,10.4,1,8.8,3,15.2,9.3,8.8,51.9,53.9,26.1,100.69,8.9,0,2
32,78,25.7,9.5,3.3,7.2,45.8,1.6,3.9,41.3,1.3,1.6,82.9,0.9,3.8,4.7,1.2,0.8,0.7,0.5,1.5,19.8,3,0,0.9,107.5,106.2,1.4,6.9,1.45,12.4,3.6,14,8.9,8.5,57,60.3,14.3,101.04,9.3,0,2
28,74,19.5,7.1,3,5,60.1,0,0,0,1.1,2.4,45.8,1.8,3.6,5.4,1.9,1.4,0.7,1.1,2.5,20.3,3,0,-0.7,105.8,107.2,-1.4,14.5,1.39,20.6,9.2,18.2,13.8,14.8,60.1,58.6,15.9,101.27,9.8,0,2
27,38,18.7,4.3,1.4,4,36.2,0.8,2.1,37.2,0.7,0.7,92.6,0.4,1.3,1.7,3.8,1.3,0.4,0,1.8,11.9,0,0,-2.1,102.8,109,-6.2,29.6,2.96,40.8,2.1,7.5,4.7,13.8,45.7,50,13.2,97.95,6.1,0,2
25,59,21.4,6.5,2.5,5,49.5,0.8,2,41.5,0.7,1,71.2,0.8,2,2.7,0.9,0.7,0.8,0.7,1.7,15.1,0,0,0.1,104.6,104.5,0.1,6.1,1.33,12.7,3.6,9,6.3,9.6,57.7,59.6,12.3,99.49,7.2,0,2
26,72,16.8,5.4,2.1,4.3,48.9,0.6,1.8,31.3,0.6,0.8,74.6,1,2.3,3.3,0.7,0.4,0.4,0.7,1.6,12.9,1,0,-1.8,100.5,104.5,-4,6.6,1.7,12.3,5.5,13.7,9.5,7.2,55.3,57.6,13.3,98.78,8,0,2
26,33,7.7,3.4,1.4,2.4,59,0.3,0.8,42.3,0.3,0.3,81.8,0.4,1.8,2.1,0.5,0.3,0.2,0,1.1,7,0,0,-1.1,101.8,109.4,-7.6,11,1.7,15.6,4.7,25.1,14.4,9.2,66,67.6,15.3,102.76,12,0,2
29,74,22.3,13.2,5.5,10.9,50.7,0.5,1.2,39.5,1.7,2.1,78,1.3,4.3,5.6,1.7,1.9,0.5,0.6,2,23.7,10,0,-1.9,105.6,109.9,-4.3,12.2,0.86,10.8,5.7,19.1,12.3,12.6,52.8,55.6,25.8,99.76,12.2,0,2
26,52,16.1,4.6,1.5,4.4,33.2,0.3,1.1,23.7,1.4,1.7,82,0.7,1.9,2.7,2.2,1,0.8,0.4,1.9,14,0,0,-1.2,102.4,105.7,-3.2,21.4,2.23,26.4,4,13.1,8.1,11.8,36.2,44.6,16.4,98.82,7,0,2
24,74,25,9.2,3.8,7.6,50.4,0,0,0,1.6,2.3,68.4,1.1,2.9,4.1,1,0.7,0.7,0.4,1.9,18.2,2,0,0.7,107.7,106.3,1.4,5.7,1.34,9.3,4.4,11.5,7.9,7,50.4,53.6,15.7,100.99,7.4,0,2
30,12,31.1,17.1,5.3,14,38.1,2,6.4,31.2,4.4,5.5,80.3,0,2.3,2.3,4.1,1.5,1,0.3,2,28.2,0,0,-1.4,101.9,103.7,-1.9,23.4,2.72,18.8,0,7,3.6,6.9,45.2,52,25.8,96.65,10.9,0,2
27,36,19.1,9.3,3.4,8.9,38.3,0.7,2.7,26.5,1.8,2.3,76.2,0.4,2.1,2.5,3.5,1.4,0.8,0.2,1.3,19.1,0,0,-1.1,102.6,105.4,-2.8,27.9,2.57,23.6,1.7,10.4,6,9.2,42.4,46.9,23.5,106.7,10,0,2
26,53,20,7.6,2.7,5.9,45.8,1.2,3.2,37.1,1.1,1.2,91.9,1.1,3.3,4.3,1,0.8,0.6,0.5,1.5,16.8,2,0,-1.5,102.5,107,-4.5,7.4,1.21,11.8,4.9,15.2,10,9.7,55.8,59.7,14.7,103.42,9.6,0,2
29,76,18.5,8.8,3.6,6.9,52.7,0.9,2.1,40.5,0.7,1,65.8,0.7,2.6,3.3,1.1,1,0.3,0.1,1.9,14.5,0,0,-1.1,104.6,106.8,-2.2,9.3,1.01,11.2,3.6,14.1,8.8,11.1,59,59.9,19.2,99.97,9.6,0,2
29,55,16.7,4.3,1.9,3.3,58.3,0,0,0,0.5,1.1,45,1.4,2.7,4.1,0.8,1.1,0.3,0.5,1.4,11.9,1,0,-2.9,96.7,105.3,-8.6,7.4,0.71,14.2,8.2,16,12.1,19.9,58.3,57.4,12.4,102.45,7.1,0,2
31,45,25.2,9.5,3.4,8,41.9,2,5.2,37.9,0.9,1,84.8,0.4,2.4,2.8,4.6,2.2,0.5,0.1,2.3,19.6,0,0,1.9,108.7,105.8,3,25.2,2.15,30.4,1.4,9,5.4,14.1,54.2,56.4,17.6,103.02,7.9,0,2
24,10,12.5,3.4,1.3,4.7,27.7,0.4,2.3,17.4,0.4,0.8,50,0.3,1.5,1.8,1,0.2,0.6,0.2,1.3,9.3,0,0,-1.2,95.2,101.5,-6.3,12.2,5,16.1,2.1,12.5,6.9,3.2,31.9,33.7,17.1,103.12,3,0,2
32,10,15.9,7.1,2.5,5.7,43.9,2.1,4.5,46.7,0,0,0,0.3,2,2.3,1,0.7,0.4,0.1,1.4,12.2,0,0,-3.3,96.4,106.3,-9.9,10.3,1.43,13.5,2.1,12.8,7.7,9.5,62.3,62.3,18,100.43,9.7,0,2
24,76,17,11,4.6,7.2,63.5,0,0.1,14.3,1.8,2.9,62.6,1.4,2.7,4,1,0.9,0.5,0.7,1.9,19.9,0,0,0.7,107.8,106.3,1.5,9.3,1.09,9.5,8.1,14.6,11.5,8.7,63.6,64.7,22.4,103.3,14.4,0,2
25,20,18.9,5.4,2.1,5.5,37.6,1,2.9,32.8,0.3,0.5,60,0.5,1.4,1.9,1.1,1,1.6,0.3,1.4,13.9,0,0,-1.5,105.2,109.2,-4,8.3,1.16,14.3,2.6,8.1,5.2,12.3,46.3,47.2,14.7,99.6,5.3,0,2
22,65,28.2,12.7,4.7,9.8,47.9,0.9,2.4,35.7,2.5,3.2,77.7,1.4,5,6.4,1.3,1.5,0.6,1.8,2.9,28.2,11,0,1.8,107.7,104.6,3.1,7.1,0.91,9.5,5.2,17.4,11.4,10.5,52.3,56.7,19.7,98.33,10,0,2
30,67,20.5,6.8,2.6,5.5,46.1,1.1,2.7,41.5,0.5,0.7,80,0.8,3.3,4.1,1.3,0.8,0.7,0.2,2.1,15.8,1,0,0.1,106.9,107.2,-0.2,8.8,1.65,16.2,3.9,16.4,10.1,9.8,56.3,58.1,13.8,100.12,8.2,0,2
35,52,14.6,6.5,2.6,4.6,56.9,0,0,0,1.3,2.1,63.6,1,2.3,3.4,0.9,0.7,0.5,0.3,2.4,13.6,0,0,5.1,113.3,97.2,16,9.3,1.18,12.3,7.4,15.6,11.6,10.4,56.9,59.4,18,103.35,9.2,0,2
24,30,15.7,4.4,1.8,3.5,52.4,0,0,0,0.7,0.9,75,1.6,4,5.6,0.7,0.9,1,0.7,2,16.5,2,0,-4,92.2,104.3,-12.1,7,0.77,12.3,9.2,27.3,17.4,16,52.4,55.8,12.9,100.91,11.5,0,2
37,15,5,2.1,0.9,1.3,68.4,0,0,0,0.3,0.9,38.5,0.5,0.9,1.3,0.3,0.5,0,0,0.5,3.6,0,0,-0.3,95,99.4,-4.4,8.7,0.57,11.1,8.6,17.6,12.9,19.4,68.4,62.7,17.7,102.02,9,0,2
33,80,17.4,7.3,2.5,6.1,41.2,1.5,4.1,37.7,0.7,0.8,86.2,0.3,1.3,1.6,0.5,0.5,0.5,0.1,1.3,11,0,0,0.5,105.6,105,0.6,3.8,0.92,6.1,1.5,7.1,4.4,6.6,53.8,56.2,16.7,102.5,6.1,0,2
29,64,31,11.6,4.2,10.2,41.5,1.4,4.3,33.6,1.7,2,83.1,0.9,3.9,4.8,5.5,2,1,0.4,1.1,27.6,7,2,0.1,108.5,108.7,-0.2,25.5,2.66,29.6,2.8,12.4,7.5,11.1,48.6,52.3,17.7,100.79,10.4,0,2
24,41,12.8,4.4,1.5,3.8,39,1,2.4,40,0.5,0.7,72.4,0.1,1.5,1.6,1,0.6,0.2,0.1,0.6,8,0,0,-1.4,98.8,103,-4.2,11.5,1.5,16.9,0.7,10.7,5.7,11.3,51.9,54.3,15.7,101.04,7.2,0,2
23,75,32.6,18.5,6.7,13.5,49.9,1.5,3.7,39.6,3.5,4.2,85,2.6,8.1,10.7,6.1,2.8,1.2,0.8,2.8,43.7,38,10,4.7,113.1,106.5,6.5,28.6,2.18,25.3,8.1,25.4,16.8,11.6,55.4,60.3,23.6,98.49,16.9,0,2
27,55,27.2,15.6,5.6,12.4,44.7,2.5,6.5,37.7,2,2.5,81.8,1.1,6.3,7.4,1.5,1.1,0.8,0.7,2,30,12,0,2.7,109.1,104.2,4.9,7.9,1.29,9,3.8,21.3,12.7,7,54.6,57.7,22.2,103.87,13,0,2
27,57,29.5,16.5,7,14.7,47.5,1.1,3.6,31.4,1.4,1.6,81.9,1.8,7.4,9.2,3.4,1.9,1,1.1,2.5,36.8,29,1,-0.6,105.6,106.9,-1.3,18.4,1.75,16.2,5.9,24.9,15.3,9.2,51.3,53.3,25.1,102.07,13.9,0,2
22,54,16.2,4.9,1.9,4.3,44.4,0.4,1.2,30.3,0.7,1.1,62.1,1.3,4.5,5.8,0.6,0.6,0.4,0.3,1.3,14.2,3,0,-0.7,101.5,103.9,-2.4,5.9,1.1,10.5,7.4,26.5,16.7,9.5,48.7,50.9,14,99.19,10.8,0,2
25,70,15.2,5.5,2.1,5.3,40.1,0.8,2.7,28.5,0.5,0.6,82.1,0.2,1.5,1.7,1.3,0.9,0.5,0.2,1.6,10.8,0,0,-0.3,104.1,105.9,-1.8,12.2,1.35,16.4,1.3,10,5.6,12.1,47.2,49.2,18.4,100.09,5.6,0,2
20,74,20,5.9,2.2,4.7,47.1,1,2.7,37.1,0.5,0.8,62.9,0.6,1.9,2.5,0.7,0.6,0.7,0.2,1.8,12.1,0,0,4,112,102.4,9.7,4.9,1.22,11.7,3,9,6.1,9.5,57.7,58.7,12,100.33,5.6,0,2
31,18,10.1,1.2,0.5,1.2,40.9,0,0,0,0.2,0.7,30.8,0.5,2.1,2.6,0.2,0.5,0.1,0.2,1.1,5.1,0,0,-1.8,103.7,110,-6.4,2,0.33,7.5,5.4,20.8,13.4,22.5,40.9,39.7,8.9,101.6,2.7,0,2
30,53,14,5.7,2.3,3.9,58,0.2,0.4,45.5,0.9,1.3,72.5,0.6,3.2,3.8,1,0.7,0.3,0.4,1.3,13,3,0,1,105.3,102.5,2.8,9.9,1.38,15.7,4.4,20.5,13.2,11.4,60.4,63.2,15.5,103.08,11.9,0,2
25,77,31.6,14.7,5.8,11.5,50.3,1.8,4.1,44.1,1.4,1.7,82.8,1.3,5.1,6.4,2,1,1.5,0.5,2,30.6,13,0,3.7,109.8,104.5,5.3,9.6,2.09,13.4,4.4,16.1,10.4,6.4,58.1,60.2,18.1,98.24,12.4,0,2
24,81,20.7,7.3,3.1,6.1,50.8,0.4,1.6,22,0.7,1.1,62.1,1,3.5,4.5,2,0.8,0.8,0.5,2,18.6,0,0,3.7,110.1,101.6,8.5,13.3,2.37,21,4.8,16.8,10.9,8.9,53.7,54.9,15.3,99.29,10.2,0,2
25,82,18.1,5.4,2,4.8,42.3,0.9,2.6,35.2,0.5,0.5,84.1,0.4,1.5,2,1.1,0.5,0.3,0.3,1.5,10.5,0,0,1.7,106.4,102.3,4.1,8.5,2.12,16.8,2.3,8,5.2,7.9,51.8,53.9,12.7,100.25,5.8,0,2
29,11,30.3,12.2,4.4,10.8,40.3,2.2,5.5,40,1.3,1.5,82.4,1.5,2.6,4.1,2.9,2.3,1.7,0.5,3.1,25.7,0,0,2.3,110.2,104.3,6,15,1.28,17.4,4.7,9.2,6.9,13.6,50.4,53,19.7,96.56,7.6,0,2
22,57,16.9,4,1.6,3.9,40.9,0.3,1.4,23.8,0.5,0.6,76.5,0.3,1.2,1.4,1.4,0.7,0.8,0.2,1.2,9.9,0,0,-1.5,105.5,109.3,-3.8,11.3,1.98,22.4,1.7,6.5,4.2,11.4,45.1,47.7,12.4,101.26,4.6,0,2
29,82,15.5,3.9,1.3,3.2,39.8,0.8,2.1,38.6,0.5,0.6,87,0.4,2,2.4,0.7,0.4,0.6,0.3,1.1,9.9,0,0,-0.9,101.2,104.4,-3.2,6.8,1.73,15.1,2.4,12.8,7.4,8.7,52.3,55.5,11,97.65,7.4,0,2
29,82,25.7,10,3.4,8.3,41.1,1.9,5,37.2,1.3,1.4,89,0.3,1.6,1.9,2.8,1.3,0.7,0.1,1.6,17.6,0,0,1.4,106.2,104.5,1.6,15.8,2.16,21.5,1.2,6.1,3.6,10,52.3,55.8,17,98.12,7.5,0,2
37,77,23.5,10.1,3.7,8.1,45.8,0.6,1.6,35.8,2.1,2.7,75.6,1.7,6.4,8,3.1,1.4,0.3,1,1.6,27,16,1,0.8,101.2,100.7,0.5,20.8,2.2,22.3,6.9,25.6,16.4,10.1,49.2,53.9,19.8,98.04,15,0,2
28,79,36.6,21.9,7.3,17,43,3.1,7.7,40.1,4.3,5.2,82.2,0.9,4.7,5.7,3.3,2.7,2,0.5,2.9,38.6,4,0,2.9,108.8,105.2,3.6,14.3,1.24,13.3,2.3,13.2,7.6,10.7,52.1,57,24.7,99.97,12,1,3
33,38,30.1,14.6,5.3,11.4,46.4,1,3,34.5,2.9,4.2,69.6,1.7,4.7,6.4,2.8,1.9,1,1.2,2.6,31.1,2,0,2.7,110.8,107.1,3.7,13.9,1.44,15.4,5.8,15.3,10.7,10.7,50.9,54.9,21.5,98.88,10.5,0,2
24,54,15.3,4,1.5,4.3,34.6,0.7,2,33.6,0.4,0.5,76,0.2,2.2,2.4,0.9,0.8,0.4,0.3,1.6,9.4,0,0,-4,96.5,109,-12.5,8.6,1.07,13.7,1.5,14.7,7.8,12.8,42.5,44.5,15.4,97.95,4.2,0,2
33,82,27.8,6.1,2.1,5.4,39,1.4,3.8,37.1,0.5,0.7,71.7,1.1,4.4,5.6,0.9,0.9,1,0.3,2.5,17.1,3,0,6.4,113.9,102.7,11.2,4.7,1.04,12.4,4.1,16,10.1,12,52,53.7,10.2,99.62,5.9,0,2
27,70,19.4,5.9,1.9,5.2,35.6,1.5,4.2,34.9,0.7,0.9,81.7,0.6,3.1,3.7,0.8,0.9,0.5,0.4,2.1,13.3,0,0,-0.8,103.9,105.2,-1.3,6.1,0.95,11.2,2.8,15.3,9.1,11.7,49.6,52.5,14.2,101.99,5.8,0,2
30,23,8.5,2,0.6,2.1,28.6,0.1,1,13.6,0.6,0.7,82.4,0.3,0.8,1.2,0.4,0.5,0.3,0.1,1,4.8,0,0,-3.9,87,107.2,-20.2,7.8,0.82,11.7,3.5,10.3,6.6,14.3,31.6,39.8,14.9,100.93,1.9,0,2
25,33,22.4,9.5,3.7,7.6,48.4,1.4,3.2,44.2,0.7,0.8,88,0.3,2.2,2.5,2.7,1,0.4,0,1.8,16.7,0,0,-1.2,105.7,107.8,-2.1,17.9,2.78,23.2,1.4,9.4,5.5,8.3,57.5,59.3,17.5,99.31,8.7,0,2
32,65,26.2,8.3,3.6,7.6,46.8,0.8,2.3,33.3,0.4,0.7,54.3,0.5,3.6,4,8.2,2.3,1.1,0.2,1.8,26.8,15,2,0.3,106.4,105.8,0.5,40.6,3.53,44.5,1.8,12.4,7.4,12.6,51.8,52.2,16.2,104.6,11.5,0,2
32,28,14,4.9,1.5,4.2,35.9,0.3,0.9,30.8,1.6,2,77.2,0.2,1.1,1.4,2.8,1.1,0.5,0.1,1,11.3,0,0,-3,98.9,109.4,-10.5,29.7,2.57,30.8,1.5,8.6,4.9,12,39.3,47.9,18.5,99.86,7.9,0,2
21,28,7.6,2.3,0.8,2,41.1,0.5,1.3,37.8,0.1,0.2,66.7,0.1,0.6,0.8,0.5,0.2,0.2,0.1,0.5,4.5,0,0,-0.4,103.9,104.8,-0.8,9,2.17,16.7,1.6,8.5,5.2,7.7,53.6,54.6,13.6,98.51,6.3,0,2
26,41,12.2,4.5,1.7,3.7,45.7,0.5,1.1,40.4,0.6,0.9,74.3,0.2,1,1.2,1.8,0.9,0.3,0.1,0.9,9,0,0,2.9,103.7,93.4,10.2,23,2.08,27.1,1.4,7.9,4.8,13,52,55,17.1,101.99,8.8,0,2
34,82,16.6,6.9,2.7,6.7,40.6,1,2.8,35.2,0.4,0.5,81.8,0.3,1.6,1.9,2.5,0.9,0.6,0.2,1.1,14.3,0,0,-0.6,101.7,103.6,-1.9,25.5,2.67,23.9,1.8,9.7,5.6,9,47.9,49.4,20.6,97.3,10.1,0,2
27,62,27.9,11.3,4.3,8.8,48.9,2,4.5,44.5,0.6,0.8,79.6,0.4,2,2.5,1.5,0.8,0.8,0.2,1.1,18.7,0,0,0.4,106.9,106.3,0.6,8.1,2.02,13.4,1.5,7.2,4.3,6.6,60.3,61.5,15.2,98.92,8.4,0,2
28,45,26.7,14.6,5.5,12.8,42.6,1.2,3.8,30.8,2.5,3,83.6,0.6,2.1,2.8,5.3,2.2,0.6,0.1,1.9,25.7,0,0,0.3,105.8,105.6,0.2,33.1,2.4,24.5,2.3,8.4,5.2,10.2,47.1,51.6,26.2,97.86,10.8,0,2
38,20,8.2,1.5,0.6,1.4,44.4,0.1,0.4,28.6,0.2,0.4,57.1,0.1,0.8,0.9,0.8,0.3,0.1,0.1,0.6,3.8,0,0,-2.1,95.1,109.4,-14.2,13.5,3,30,1.1,9.9,5.2,10,48.1,49.9,8.8,101.51,4.7,0,2
24,48,15.5,6.5,2.8,5,56,0.1,0.6,12.9,0.8,1.2,66.1,1.2,3.2,4.4,1.3,0.5,0.4,0.6,2,16.2,1,0,-0.8,103.2,104.7,-1.4,12.2,2.44,17.5,7.4,18.2,13.1,7.2,56.8,58.5,15.8,104.38,11.5,0,2
27,77,29.3,13.1,4.5,10.7,41.8,1.2,3.5,35.2,2.9,3.3,86.6,0.6,4,4.6,5.3,2.7,1.6,0.1,2.7,29,11,0,2.7,104.8,100.1,4.8,28.3,1.98,26.5,2,13.9,8,13.4,47.6,53.7,22,98.56,11.5,0,2
27,80,31.6,12.6,4.3,10.5,41.3,2.5,6.9,36.9,1.5,1.7,85.3,0.7,4.7,5.4,2,1.6,1.7,0.9,3,28.3,7,0,6.6,108.7,99.1,9.7,8.4,1.24,13.3,2.2,13.7,8.2,10.7,53.4,56.3,16.7,102.43,9,0,2
30,64,26.4,11.8,5.3,10.1,53,0.1,0.2,28.6,1.1,1.4,75.6,2.1,2.4,4.5,1.9,1.7,0.2,0.8,1.7,21.6,3,0,-3.1,101,106.8,-5.8,11.9,1.16,13.6,7.4,9.3,8.3,11.7,53.3,55.2,20.2,99.69,8.7,0,2
25,60,26.9,14.7,5.4,12.5,42.9,2.1,5.6,38.1,1.9,2.2,86,0.4,2.4,2.8,1.6,1.2,0.8,0.2,1.8,22.1,0,0,-1.2,105.7,108,-2.3,9.7,1.36,9.8,1.4,9.1,5.2,7.2,51.3,54.6,23.8,98.99,9,0,3
26,18,16.6,5.1,2,4.1,49.3,0.8,1.9,42.9,0.2,0.4,50,0.6,1.2,1.8,0.9,0.2,0.4,0.2,1.2,10.3,0,0,1.8,111.4,105.8,5.6,7.5,4.25,17.5,3.5,7.8,5.5,4.1,59.6,59.5,11.4,97.45,6.6,0,3
24,16,18.1,6,2.2,6.7,32.7,0.8,3.3,25,0.8,0.9,86.7,0.1,1.6,1.7,1.1,0.6,0.2,0.2,1.6,10.1,0,0,-3.6,97.3,107,-9.7,9.2,1.7,12.1,0.3,8.5,4.3,7.1,38.8,42.3,18.4,98.79,3.2,0,3
25,29,13.3,2.4,0.7,2,33.9,0.4,1.1,33.3,0.7,0.9,76.9,0.2,0.9,1,1.6,0.6,0.9,0.2,1.1,8.8,0,0,0.6,105.6,103,2.7,16.1,2.61,34.3,1.4,6.4,4,13.1,43.2,50.4,10.1,99.76,5.8,0,3
23,68,28.2,13.9,5,10.6,47.2,0.2,0.8,24.1,3.7,4.6,78.8,1.5,5.3,6.8,2.5,1.8,1,0.7,2.1,28.9,12,0,-2.7,104.5,108.8,-4.3,14.3,1.38,14.6,5,17.5,11.3,10.6,48.1,54.8,21.4,102.27,11.9,0,3
25,69,16.7,5,1.7,4.1,42.3,0.6,1.7,35.6,0.9,1.1,80.3,0.4,3.1,3.4,1.4,0.8,0.5,0.2,1.5,12.6,1,0,2.8,105,96.8,8.3,12.2,1.73,20.3,2.2,17.5,10.1,11.8,49.6,54,13.9,99.13,9.2,0,3
31,57,21.6,11.5,4.4,9.4,47.1,0.6,2.1,31.4,2,2.5,77.2,1.3,3.8,5.1,1.3,1.4,0.8,0.7,1.7,22.6,1,0,1.4,105.1,102.7,2.4,9.7,0.94,9.7,6,17.5,11.7,10.4,50.6,54.5,23.4,98.23,12.5,0,3
26,56,32.4,13.5,4.9,7.9,62.2,0,0,0,3.6,5.3,68.2,2.9,7.8,10.7,1.4,1.9,0.8,2.3,2.7,35.9,31,0,6.1,106.9,97.4,9.5,6.8,0.75,10.5,9.3,23.4,16.5,14.1,62.2,65.7,16.2,98.71,14.7,0,3
29,80,36.4,25.4,9.5,21.1,44.9,1.2,4.1,29.8,5.2,7.1,73.7,1.9,8.2,10.1,10.3,4.8,1.8,0.3,2.5,54.3,59,25,4.8,111.7,105.3,6.4,46.4,2.15,26.3,4.8,22.6,13.3,12.2,47.7,52.4,32.5,100,18.6,1,3
30,66,26.1,9.3,3.1,7.3,43.1,2,5.1,38.6,1.1,1.4,77.4,1.4,3.6,5,0.9,0.6,0.4,0.3,1.9,18.1,2,0,3.8,113,105.9,7,5,1.43,9.6,5.4,13.9,9.6,6.7,56.8,59.2,14,100.31,7.7,0,3
24,24,12.7,2,0.7,1.7,41.5,0.4,1.3,29,0.2,0.3,83.3,0,1,1,1.5,0.5,0.5,0,0.8,6.5,0,0,-1,98.7,101.7,-3,16.1,2.69,38,0.3,7.7,3.9,14.1,52.4,55,8,101.25,5.7,0,3
32,61,11.9,3.5,1.4,2.2,64.2,0,0,0,0.6,1.1,57.6,1.4,2.6,4,0.6,0.6,0.4,1.1,2,12.9,1,0,0.3,102.8,101.6,1.2,7.1,0.9,14.5,11.3,21.6,16.5,16.1,64.2,64.4,12.3,98.67,10.3,0,3
24,73,12.1,4.2,1.8,3.5,49.4,0.1,0.8,16.7,0.5,0.8,66.1,0.6,1.8,2.4,0.5,0.5,0.3,0.1,1,8.7,0,0,0.8,104.9,101.6,3.3,5.9,1.15,10.7,5,13.6,9.5,9.3,51.4,53.4,14.6,104.48,7.9,0,3
28,52,12.3,6.3,2.1,5.7,37.4,0.9,2.8,31.9,1.2,1.4,88.9,0.1,1.6,1.7,0.9,0.7,0.3,0.1,0.6,10,0,0,-2.2,100.4,109.1,-8.7,12.1,1.21,11.2,0.7,13.1,6.6,9.3,45.2,50.7,23.9,101.2,8.6,0,3
23,73,15.8,2.7,0.9,2.6,34.6,0.5,1.7,32,0.3,0.6,61,0.5,1.7,2.2,0.3,0.3,0.3,0.1,1.2,6.4,0,0,-2.5,95.3,102.8,-7.5,2.6,0.8,8,3.1,10.6,6.8,10,45.2,47.3,8.6,99.7,3.2,0,3
28,76,27.5,12.6,5,10.3,48.3,1.4,3.9,36,1.2,1.6,79.7,1,5.3,6.3,0.8,1.2,0.4,1.3,2.8,25.3,8,0,4,112.1,105.3,6.8,4.4,0.69,6.3,3.7,18.3,11.2,9.1,55.2,57.4,18.8,100.39,9.8,0,3
25,43,9.7,5,2,4.4,44.7,0.2,0.6,25.9,0.9,1.2,78,0.5,1.2,1.8,0.3,0.1,0.2,0.1,0.7,8.3,0,0,-2.7,101.4,114.9,-13.6,5.5,2.33,6.1,5.7,13.6,9.5,2.6,46.5,51,22.2,100.89,9,0,3
26,74,20.7,8.7,3,7.2,42,1.1,2.9,37.6,1.6,1.9,84.1,0.4,1.9,2.3,2,1.2,1.1,0.2,1.1,17.1,0,0,1.1,104.7,102.6,2.1,14.9,1.67,18.1,1.7,9,5.4,10.8,49.7,54.4,19,98.36,9.9,0,3
25,54,14.3,4.3,1.6,4.1,38.4,0.6,1.6,36,0.6,0.7,86.5,0.3,1.4,1.7,1.8,0.6,0.5,0,1.1,10.2,1,0,0.2,98,97.9,0.1,21,2.97,26.6,1.9,10.1,5.9,9,45.4,49.1,15.1,97.68,8.4,0,3
24,23,16.7,6.6,2.6,5.4,47.6,0.3,1.1,23.1,1.2,1.7,73.7,0.4,2.3,2.7,2.4,1,1.1,0.3,1.8,16.7,1,0,2,107.1,101.1,6.1,19.9,2.5,25.3,2.3,13,7.7,10.1,50,54,17.2,105.37,10.1,0,3
32,71,15.9,5.5,2.4,4.8,50.1,0,0.1,0,0.7,0.9,82,0.5,1.4,1.8,2,0.8,0.5,0.3,1.6,12.3,0,0,1.6,106.8,101.8,5,16.9,2.41,24.8,3.3,8,5.9,10.3,50.1,53.3,16.4,101.05,7.5,0,3
28,69,19.8,6.9,2.6,6,43,0.7,2,34.5,1,1.4,71.1,0.3,2.1,2.4,3.9,1.3,0.8,0.1,1.3,17.1,1,0,-1.1,101.9,105,-3.1,30.8,3.06,33.2,1.6,10.2,5.9,10.9,48.8,51.8,17.4,98.64,10.3,0,3
23,73,15.8,3.9,1.4,3.2,42.9,0.3,0.8,37.7,0.8,1.2,67,0.5,1.5,1.9,0.9,0.7,0.7,0.3,1.7,9.8,0,0,-1.4,101.1,104.7,-3.6,8.1,1.28,17.3,2.8,8.6,5.8,13.5,47.9,51.9,11.6,102.94,4.5,0,3
22,60,20.7,8.7,3.4,7.6,44.8,0.3,0.9,35.3,1.6,2,80.5,1.6,3.2,4.8,1.2,1.2,0.4,0.8,2.2,18.7,3,0,-2,103.6,107.7,-4.1,8.8,0.99,11.1,7.8,15.7,11.7,11.2,46.7,51.3,20.3,98.55,8.4,0,3
27,12,15.6,2.4,0.9,3.4,26.8,0.3,1.8,19,0.3,0.5,50,0.8,2.3,3,1.8,0.8,0.6,0.1,1.8,10,0,0,-2.2,100.7,106.9,-6.2,14,2.44,29.3,4.6,12.4,8.7,12,31.7,33.2,11.2,108.25,3.3,0,3
25,80,28.8,12.6,4.1,10.5,38.7,1.8,5.4,32.6,2.7,3.4,81.3,0.5,2.7,3.2,6.6,1.6,0.9,0.3,2.3,28.1,7,0,-1.2,106.2,107.9,-1.7,34.9,4.09,32.8,1.6,9.4,5.4,8,47.1,52.7,19.9,100,10.8,0,3
22,69,27.4,8.7,3,8.1,37.5,1,3.4,28.6,1.6,2.1,77.2,0.5,3.2,3.7,1.6,1.1,1.4,0.2,2.4,19.1,2,0,-0.7,103.8,104.7,-0.9,8.6,1.45,13.7,1.7,11.5,6.5,9.4,43.5,48,16,98.47,5.9,0,3
30,51,32,26.4,8.4,16.9,49.5,4.2,9.8,42.3,5.5,5.9,92.1,0.7,4.4,5.1,6.1,3,1.6,0.2,2.2,43.8,5,0,9.5,120.1,106.9,13.2,27.2,2.03,21.4,2.4,12.4,7.9,10.6,61.8,67.5,28.9,105.5,16.5,1,3
23,54,14.4,4,1.5,3.8,40,0.6,1.7,35.2,0.4,0.4,87.5,0.5,2.1,2.6,0.5,0.5,0.6,0.2,1.5,9.9,0,0,-0.9,101.3,104.1,-2.8,4.9,1,9.4,3.5,14.7,9.1,9.4,47.8,50.3,13.4,98.91,6.3,0,3
24,76,32.7,13.9,5.9,9.4,62.9,0,0,0,2.1,3.8,55.9,5.1,4,9,1.2,1.7,1.2,1,2.8,31.5,28,0,4.2,111.4,105.2,6.2,5.1,0.69,8.3,14.2,12.3,13.3,12.1,62.9,63,15.9,99.41,10.9,0,3
26,76,22.5,6.3,2.8,5.5,49.9,0.4,0.8,43.5,0.4,0.5,79.5,0.5,2.5,3,4,1.5,1.2,0.2,1.6,18.5,2,1,-0.9,101.7,103.4,-1.6,25.8,2.71,35.5,2.1,10,6.2,13.1,53.1,54.5,13.3,103.56,9.9,0,3
33,82,33.2,12.2,5.2,9,57.7,0.1,0.4,20,1.7,2.3,76.8,2.4,4.8,7.1,1.2,1.1,0.8,0.7,2.7,25.9,18,0,2.9,112.5,108,4.5,5.1,1.11,9.9,7.2,14.6,10.9,8.9,58.1,61,14.3,97.71,9.4,0,3
26,51,10.5,3.5,1.5,2.5,59.1,0,0.2,9.1,0.6,1.2,46,1.2,2,3.2,0.3,0.7,0.4,0.6,2.1,10.1,2,0,-1.5,97,103.5,-6.5,4.2,0.37,6.5,10.8,18.1,14.4,17.4,59.4,58.2,14.7,102.35,7.3,0,3
24,82,30,14.1,5.1,11.9,42.6,2.1,5.6,38.5,1.9,2.2,84.4,0.6,4.1,4.7,2.6,2.3,1,0.5,2,26,5,0,-4.5,102.9,110.4,-7.5,13.5,1.12,14.7,2,13.8,7.8,13.1,51.6,54.9,21.3,100.95,9,0,3
20,61,12.5,3.1,1.1,2.8,41.4,0.7,2,33.3,0.1,0.2,90,0.3,0.5,0.8,0.3,0.2,0.4,0.2,1.4,6,0,0,-1.4,103.8,108.5,-4.7,3.5,1.73,9.3,2.3,3.8,3,5.4,53.3,54.5,10.3,98.44,2.8,0,3
27,24,25,8.7,3.2,8,39.8,1.3,3.9,32.3,1.1,1.5,75,0.4,2.6,3,1.6,1.2,1.1,0.5,1.9,18.3,0,0,-2,102.8,107,-4.2,8.8,1.31,14,1.6,10.2,5.9,10.7,47.6,50.5,16.5,103.09,6.1,0,3
24,80,25.9,11.3,4,10,39.5,1.9,5,38.1,1.4,1.9,77.2,0.8,3.9,4.7,2.9,1,1,0.2,1.5,24,1,1,1.5,103.3,100.8,2.6,18.4,2.9,19.7,2.9,14.4,8.7,6.8,49.1,52,19.7,98.47,11.8,0,3
34,38,21.2,8.2,3.1,6.3,49.2,0.8,2.2,38.1,1.2,1.4,81.5,0.8,3.5,4.2,0.9,0.8,1.4,0.3,1.6,18.9,2,0,1.5,103,99.9,3.2,6.6,1.1,10.1,3.8,17,10.4,9.1,55.8,59.1,16,99.66,11.4,0,3
30,81,32.2,11.8,5.2,10.7,48.7,0.7,2.2,32,0.7,1.1,59.8,2.3,4,6.3,1.9,1.3,1.7,0.4,2.2,27.2,9,0,2.6,107.6,104.3,3.3,8.5,1.45,13.1,7.4,12.8,10.1,9,52.1,52.8,16.9,97.96,9,0,3
20,15,4.8,1.5,0.5,1.4,38.1,0.1,0.7,10,0.3,0.6,55.6,0.2,0.9,1.1,0.4,0.1,0.1,0.1,0.4,3.9,0,0,-0.6,98.1,103.8,-5.8,12.8,3,18.2,4.1,19.7,11.7,6.1,40.5,44.1,15.8,103.59,7.5,0,3
21,74,16.7,4.8,1.8,4.3,41.1,0.4,1.4,29.8,0.9,1.3,69.9,1,2,3,0.6,0.6,0.5,0.7,2.2,12.5,0,0,-2.2,104.4,109.9,-5.6,5.5,1.05,10.3,6.4,13,9.7,9.8,46,49.9,14.5,98.28,5,0,3
27,59,14.2,3,1.2,2.9,39.5,0.3,0.9,30.4,0.4,0.5,76.7,0.3,1.6,1.9,3.3,1,0.8,0.1,1.6,12,0,0,-1.5,101.6,107.1,-5.5,32.7,3.4,44.4,2.1,12.1,7,13,44.5,47.5,12.4,98.85,8.5,0,3
26,57,33.1,17.5,6.3,15,42.1,2.3,7.2,31.7,2.6,3.1,81.6,0.6,3.4,3.9,2.7,1.6,1.1,0.2,2.2,28.4,2,0,-1.3,107.6,109.3,-1.7,12.3,1.68,13.1,1.6,9.9,5.7,7.8,49.6,53.3,22.9,99.5,9.1,0,3
31,31,11.6,4.2,1.7,3,55.9,0.1,0.6,22.2,0.7,1,76.7,1,2.1,3.2,0.4,1.1,0.2,0.4,1.3,9.2,0,0,-2.9,92.2,105.2,-13,5,0.33,7.3,8.3,17.8,12.9,22,58.1,61.7,15.8,105.75,8.5,0,3
23,52,15.5,5.8,1.9,5.1,37.5,1,3,33.5,0.9,1.1,79.3,0.3,1.1,1.4,1,0.7,0.2,0.1,1.9,9.2,0,0,-0.1,101.4,101.7,-0.3,9.8,1.42,14,1.7,6.4,4.1,9.9,47.4,51.1,16.6,103.97,4.1,0,3
21,53,8.7,2.9,1.2,2.6,47.1,0.3,0.8,42.9,0.2,0.3,62.5,0.5,1,1.5,0.2,0.2,0.1,0.1,0.8,5.4,0,0,-1.5,100.2,111.5,-11.3,2.8,0.9,5.6,5.8,11.9,8.7,6.2,53.7,54.5,13.5,101.49,6.1,0,3
24,65,33,19.6,8.1,16.4,49.8,0.3,1.4,22.2,3,3.9,75.7,1.9,3.2,5.1,1.3,1.3,1,0.6,2.3,31.2,6,0,-6.6,102.5,111.8,-9.2,6.9,1,6.3,5.5,9.3,7.4,6.3,50.7,54.1,24.2,102.3,10.7,0,3
25,80,33.3,18.6,7,15.3,46,2.3,5.6,41.1,2.2,2.7,82.9,0.7,4.7,5.5,2.4,1.3,0.9,0.4,2.1,31.4,3,0,-1.4,107.8,109.9,-2.1,11.5,1.83,12,2.1,14.5,8.1,6.5,53.5,56.5,22.6,98.69,11.3,0,3
26,73,22.5,7.2,2.8,5.3,52.3,0.6,1.4,46.5,1,1.3,78.1,1,2.2,3.2,3.9,1.1,0.7,0.2,1.8,18.5,0,0,1.1,106.4,104.5,1.9,24.6,3.45,35.9,4.5,9.9,7.2,10.4,58.5,61.5,13.3,98.81,10.6,0,3
36,22,12.4,4.7,2,4.1,48.4,0.2,0.5,33.3,0.5,1,52.4,0.9,1.2,2.1,0.4,0.9,0.5,0.1,2.2,8.9,0,0,-0.9,99.5,103.3,-3.8,5.1,0.47,7,7.4,9.1,8.3,14.7,50.5,51.4,17.8,106.02,3.6,0,3
36,55,19.5,7.7,3.2,7.1,45.9,0.2,0.7,27,1,1.4,70.5,0.1,1.6,1.7,3.5,1.2,0.5,0,0.9,15.4,0,0,-0.2,103,104.7,-1.7,28.2,2.87,28.4,0.7,8.3,4.5,9.9,47.2,49.8,19.9,98.1,9.4,0,3
26,75,27.4,6.9,2.5,5.7,43.5,1.4,3.6,40.3,0.5,0.6,79.2,0.1,1.8,1.9,1.3,0.5,0.6,0.4,1.5,13.6,0,0,-0.7,108.6,109.8,-1.1,6.4,2.72,16.9,0.5,6.6,3.6,6.2,56.2,57.8,10.4,98.5,5.1,0,3
27,39,16.1,4.2,1.6,3.5,45.3,0.4,1.5,29.3,0.6,0.9,62.9,1,2.2,3.3,0.6,0.5,0.3,0.4,1.6,10.6,0,0,-1.6,105,109.5,-4.5,5.4,1.25,12.8,6.4,13.4,10,10.2,51.5,53.5,11.3,102.09,5.6,0,3
27,17,13.4,4.4,1.5,4.2,34.7,1,2.8,36.2,0.5,0.5,100,0,2.2,2.2,0.4,0.4,0.2,0.3,1.8,8.9,0,0,0.6,102.7,100.6,2.1,4.5,1.17,7.9,0,16.3,8.1,6.7,46.5,49.7,15.1,102.3,5.2,0,3
24,63,16.7,4.3,1.5,3.5,43.4,0.6,1.5,41.2,0.7,0.9,69.5,0.7,1.3,1.9,0.9,0.4,0.5,0,1.7,9.3,0,0,-1.5,102.5,107.3,-4.8,8.2,2.19,17.7,3.6,7.9,5.6,8.1,52.5,55.3,11.1,100.14,4.7,0,3
33,67,33.9,11.7,4,9.7,41.2,2.5,6.9,36.8,1.1,1.3,85.4,0.5,3.9,4.4,1.6,0.8,1.5,0.2,2,23.5,1,0,5.6,113.1,105.1,8.1,6.6,2.02,12.5,1.4,11.6,6.5,6.2,54.2,56.7,14,99.59,7.7,0,3
30,68,17,6.3,2.6,5,51.6,0.1,0.5,24.2,1,1.4,71,1.7,3,4.7,1.2,0.9,0.4,0.3,1.8,15,4,0,-0.3,103.3,104.8,-1.4,10.6,1.39,15.6,9.7,17.2,13.4,11.3,52.8,55.7,15.6,102.83,10,0,3
25,36,21.8,12.8,5.4,10.7,50.3,1.1,2.9,36.2,1,1.6,64.9,0.4,1.6,2,4.7,1.2,0.7,0.1,1.2,23.4,3,0,-2.3,110.5,114.9,-4.4,32.9,3.95,27.4,1.7,7.4,4.5,6.9,55.2,56.3,24.7,99.16,12.9,0,3
22,73,19.1,9.9,3.7,7.5,49.1,1.1,3,38.1,1.4,2,70.6,0.8,4,4.8,1.2,0.8,0.4,0.5,1.5,19.3,6,0,0.1,107.2,107.4,-0.2,10.5,1.49,11.9,3.9,21.5,12.5,8,56.6,59.1,20.3,99.87,12.8,0,3
27,53,20.2,5.8,2.5,4.4,56.2,0,0,0,0.8,1.5,54.4,2.4,4.3,6.6,0.6,0.7,0.3,0.3,1.9,15.9,3,0,-2.6,106.1,112.4,-6.4,4.3,0.92,9.8,11.3,21,16.1,10.7,56.2,56.9,11.9,100.79,8.5,0,3
26,79,20.5,8.9,2.9,7.3,40.3,2.3,5.8,40,0.7,0.8,87.5,0.2,1.5,1.6,0.6,0.7,0.3,0.1,1.7,12.2,0,0,-5.2,100.1,112,-11.9,4.7,0.86,6.8,0.7,6.9,3.7,8,56.3,58.3,16.7,102.68,5.8,0,3
23,21,14.6,6.3,2.4,5.2,46.8,0.5,1.8,28.9,1,1.4,66.7,1,2,3,0.8,0.9,1,0.2,1.6,13.6,0,0,-1.5,106.9,110.9,-4.1,7.1,0.84,10.3,7.1,13.7,10.3,12.2,51.8,54.4,19,102.5,7.9,0,3
24,39,13.3,4.7,1.7,3.9,44.1,0.8,2.3,36,0.4,0.5,81,1.2,2.1,3.3,0.7,0.3,0.2,0.1,1.6,10.3,0,0,-0.6,103,106.3,-3.3,7.6,2.08,13.4,8.1,17.1,12.2,6.5,54.6,56.7,13.7,102.62,8.2,0,3
22,56,17.4,7.2,2.6,6.8,37.7,1.3,3.6,36.2,0.8,1.1,71.4,0.3,2,2.3,1.4,0.7,0.3,0.1,1.1,12.7,0,0,-2.7,100.2,107.2,-7,12.8,2.14,15.1,1.6,11.2,6.4,7.1,47.1,49.4,19.1,102.06,7,0,3
23,54,12.7,4.1,1.7,4.1,42,0.3,1,25,0.4,0.5,75.9,0.4,1.4,1.8,1.9,0.7,0.6,0.2,1.4,10.7,1,0,-0.4,100.4,102.2,-1.8,23.4,2.76,27.6,2.6,10.1,6.5,10,45.1,47.3,16.8,102.09,8.1,0,3
26,72,28.5,11.7,4.3,9.9,43.5,1.7,4.5,36.7,1.5,1.8,82.2,0.5,3,3.4,2.3,1.1,0.8,0.5,2.1,22.1,0,0,0.6,104.7,103.8,1,12.3,2.04,16.3,1.6,10.5,6,8,51.8,54.9,17.8,98.36,8.7,0,3
22,71,23.4,7.8,3,7.8,38.8,0.6,2.1,28.8,1.2,1.4,83.2,0.3,1.5,1.8,4.4,1.8,1,0.1,1.7,18,4,0,-4.4,100.4,109.2,-8.9,28.2,2.45,30,1.4,6.1,3.7,12.3,42.6,46.5,18.2,101.69,7.3,0,3
28,66,16.8,6.7,2.8,5.1,56,0.2,0.4,35.7,0.9,1.2,72.2,1.7,3,4.6,0.7,0.7,0.2,0.5,1.9,14.9,0,0,0.4,105.6,104.6,1,6.3,1,10.2,9.4,16.8,13.1,10.2,57.5,59.8,15.6,101.49,9.6,0,3
28,52,30.9,19.4,7,15.6,45.2,2.2,5.5,39.9,3.2,4,78.5,0.8,4.3,5.1,5.2,2.3,1.1,0.3,1.8,35.3,7,0,0.5,105.7,105.2,0.5,30.4,2.3,21,2.7,13.7,8.3,9.1,52.3,56.1,27.5,96.66,16,0,3
24,30,28.4,9.7,3.7,8.2,44.5,0.3,1.3,25,2,2.6,78.2,0.7,2.8,3.5,2.4,1.5,0.9,0.4,2.8,19.9,0,0,-0.8,104.9,107.1,-2.2,11.5,1.54,17.7,2.4,9.1,5.8,11.5,46.6,51.7,15.7,104.07,6,0,3
35,46,25,6.5,2.6,4.1,64.7,0,0,0,1.3,2,62.4,2.9,6.2,9.1,1.2,1.3,0.3,0.6,2.3,20.7,4,0,-5.3,99.7,109.9,-10.2,6.5,0.9,15.4,10.9,24.1,17.4,17.2,64.7,65.8,10.4,101.76,10.8,0,3
22,82,17.9,5.1,1.8,4,45.7,0.5,1.6,34.9,0.9,1,87.7,0.2,1.4,1.6,2.8,0.7,1.2,0.1,1.3,14.2,0,0,2.2,110.2,104.3,5.9,21.5,3.93,35.6,1.1,8.3,4.7,9,52.6,57.2,12.4,98.19,9,0,3
38,14,5.1,0.6,0.2,1.1,20,0.1,0.6,12.5,0.1,0.1,50,0.2,0.5,0.7,0.4,0.1,0,0.1,0.2,2.3,0,0,-0.3,91.4,91.6,-0.2,11.9,2.5,21.7,3.9,9.2,6.5,8.7,23.3,25.2,11.3,94.44,2.1,0,3
26,75,34,23.1,8.5,17.9,47.7,2.1,5.8,37.1,3.9,4.9,79.9,0.6,4.6,5.2,4.3,2.9,2.4,0.8,2.3,42.3,3,0,4.5,109.4,103.4,6,20.9,1.47,15.8,1.9,13.2,7.7,10.7,53.7,57.7,29.4,98.49,14.8,1,3
41,58,17.7,5.4,2,4.9,40.3,1,2.8,34.5,0.5,0.6,75.7,0.3,2.2,2.6,1.2,0.6,0.7,0.4,1.7,13.1,0,0,-1.2,102.4,106,-3.6,9.9,1.92,17.1,1.7,13,7.1,8.9,50.4,52.3,14.2,96.68,7.3,0,3
30,77,26.5,11.2,3.7,9.1,40.7,2.9,7.5,39.2,0.9,1,85.9,0.3,2.5,2.8,1,0.7,0.7,0.1,1.2,17.9,0,0,1.6,106.3,103.7,2.6,6,1.52,9.3,1.1,9.4,5.3,6.1,56.9,58.8,16.7,96.81,8.5,0,3
23,35,19.8,9.3,3.3,7.7,43.1,1.4,3.5,40.2,1.3,1.7,74.6,0.5,1.1,1.6,1.9,1.5,0.5,0.1,1.7,14.5,0,0,-2.9,99.3,107.5,-8.2,15.4,1.22,15.9,2.3,6,4.1,13,52.2,55.1,21.1,101.4,7.2,0,3
23,62,16.5,3.7,1.5,3.5,42.7,0.1,0.7,19.6,0.5,0.8,72.3,0.6,1.6,2.2,0.9,0.5,0.5,0.2,1.3,9.4,0,0,-1.7,98.9,103.7,-4.8,8.4,1.9,17.5,3.3,10,6.5,9.2,44.7,48,11.3,98.89,5.3,0,3
30,74,20.1,5.4,2,5,40.8,0.8,2.4,33.9,0.6,0.8,74.1,0.4,2.5,2.9,0.8,0.7,1,0.8,2,15,1,0,-0.8,104,106,-1.9,5.6,1.11,12,1.9,12.2,7.1,10.8,48.9,51.2,12.5,103.03,5.8,0,3
31,63,33.8,12.7,4.5,11.1,40.6,2.4,6.4,38.1,1.3,1.6,82.2,0.4,2.7,3.1,2.7,1.3,1.2,0.3,2.2,23.7,0,0,-5.1,103.2,110.4,-7.2,12.5,2.07,17.3,1.3,8.5,4.7,8.3,51.6,54.1,17.2,97.65,7.1,0,3
27,81,33.1,15.7,5.7,12.7,45.2,1.9,5.2,37,2.2,2.8,80.5,0.9,4.2,5,4.1,1.8,1,0.6,2.1,31,2,0,1.5,110,107.8,2.2,18.5,2.22,20.7,2.6,12.6,7.5,9.3,52.8,56.2,20,99.32,10.9,0,3
24,73,28,12.8,5.3,10.6,50.2,0,0.2,25,2.1,3.4,61.9,1.8,5.2,7,2.4,1.5,1.1,0.9,2.5,29.1,12,0,-4.4,101.1,108.7,-7.6,13.5,1.58,14.8,6.4,19.7,12.8,9.4,50.4,52.9,21.3,97.43,11.5,0,3
28,42,10.2,4.6,1.9,2.9,66.9,0,0,50,0.8,1.3,58.2,0.8,2,2.9,0.2,0.5,0.2,0.5,1.3,10.2,1,0,0.4,106.4,103.7,2.7,3.5,0.53,5.7,8,20.5,14.2,10.9,67.4,67.1,15.7,105.06,11.5,0,3
24,48,10.3,5.1,1.9,3.4,55.5,0.1,0.3,41.7,1.2,1.9,65.6,1.3,2.5,3.8,0.7,0.7,0.4,0.3,1.3,12.1,4,0,0,102,102.4,-0.4,10.9,0.94,12.1,11.5,24.8,17.9,12.8,57,60.4,20,102.15,13.4,0,3
31,74,31.7,10,3.8,8.5,44.5,1.2,3.3,35.8,1.2,1.5,77.2,1.4,4,5.4,2.1,1.2,0.6,0.5,2.1,21.7,4,0,0.8,109.5,108.5,1,9.4,1.73,17.1,4.4,12.7,8.5,9.9,51.5,54.2,14.1,98.77,7.1,0,3
25,82,27.8,10.2,3.8,8.9,42.6,1.6,4.4,37.3,1,1.3,79.6,0.3,2.7,3,2.5,1,0.8,0.1,1.9,19.3,3,0,0,102.7,102.5,0.2,13.7,2.58,19.1,1.1,9.7,5.4,7.4,51.8,54,16.4,98.37,8.2,0,3
20,66,15.8,4.4,1.7,4.4,39.8,0.5,1.7,31,0.4,0.6,64.3,0.7,2.7,3.3,0.8,0.9,0.3,0.5,2,10.9,0,0,0.2,106.5,105.1,1.4,7,0.9,12.5,4.4,16.3,10.5,13.9,45.8,47.5,15.2,97.54,5.2,0,3
23,24,27.3,16.7,5.7,14.8,38.3,1.8,5.1,34.1,3.6,4.5,81.3,0.4,3.5,3.9,3,1.8,1,0.2,2.3,27.6,0,0,-7.2,101.6,113.9,-12.3,18.7,1.67,14,1.3,13.8,7.1,8.3,44.2,49.9,28.7,101.15,9.2,0,3
36,59,25.6,14.5,6.1,12.9,47.3,0.9,2.5,34.7,1.4,1.8,78.5,1.6,5.1,6.7,2.2,2,0.7,0.2,2,26.5,8,0,-6,101.9,113.7,-11.8,14.6,1.09,12.1,6.3,21.5,13.5,11.1,50.7,52.9,26.8,96.85,12.2,0,3
34,69,14.1,5.4,2.2,3.8,56.4,0,0,0,1.1,1.3,80.6,1.3,3.4,4.7,1.6,1,0.6,0.2,1.8,14.7,2,0,2.8,115.3,106.2,9.1,14.1,1.51,22.5,10,22.3,16.7,14.8,56.4,61.2,16.3,102.94,10.6,0,3
22,18,6.9,1.2,0.3,1.8,18.8,0.1,1.1,10.5,0.4,0.7,66.7,0.3,0.9,1.2,0.1,0.6,0.1,0.8,0.8,5,0,0,-3.7,81.5,106.8,-25.3,2.8,0.2,4,4.2,11.6,7.8,20,21.9,29.5,16.3,102.61,-0.5,0,3